verbose name,date,count_in
Dome Gallery L4 Lift exit/entry test State Library Victoria,2022-06-06,0
Dome Gallery L4 Lift exit/entry test State Library Victoria,2022-06-07,0
Dome Gallery L4 Lift exit/entry test State Library Victoria,2022-06-08,0
Dome Gallery L4 Lift exit/entry test State Library Victoria,2022-06-09,0
Dome Gallery L4 Lift exit/entry test State Library Victoria,2022-06-10,0
Dome Gallery L4 Lift exit/entry test State Library Victoria,2022-06-11,0
Dome Gallery L4 Lift exit/entry test State Library Victoria,2022-06-12,0
External Entry - Entry 1 Adult State Library Victoria,2022-06-06,2731
External Entry - Entry 1 Adult State Library Victoria,2022-06-07,2660
External Entry - Entry 1 Adult State Library Victoria,2022-06-08,2759
External Entry - Entry 1 Adult State Library Victoria,2022-06-09,2825
External Entry - Entry 1 Adult State Library Victoria,2022-06-10,2940
External Entry - Entry 1 Adult State Library Victoria,2022-06-11,3736
External Entry - Entry 1 Adult State Library Victoria,2022-06-12,3966
External Entry - Entry 1 All State Library Victoria,2022-06-06,2803
External Entry - Entry 1 All State Library Victoria,2022-06-07,2722
External Entry - Entry 1 All State Library Victoria,2022-06-08,2814
External Entry - Entry 1 All State Library Victoria,2022-06-09,2911
External Entry - Entry 1 All State Library Victoria,2022-06-10,2994
External Entry - Entry 1 All State Library Victoria,2022-06-11,3844
External Entry - Entry 1 All State Library Victoria,2022-06-12,4148
External Entry - Entry 1 Child State Library Victoria,2022-06-06,72
External Entry - Entry 1 Child State Library Victoria,2022-06-07,62
External Entry - Entry 1 Child State Library Victoria,2022-06-08,55
External Entry - Entry 1 Child State Library Victoria,2022-06-09,86
External Entry - Entry 1 Child State Library Victoria,2022-06-10,54
External Entry - Entry 1 Child State Library Victoria,2022-06-11,108
External Entry - Entry 1 Child State Library Victoria,2022-06-12,182
External Entry - Entry 2 Mr Tulk Adult State Library Victoria,2022-06-06,887
External Entry - Entry 2 Mr Tulk Adult State Library Victoria,2022-06-07,764
External Entry - Entry 2 Mr Tulk Adult State Library Victoria,2022-06-08,1039
External Entry - Entry 2 Mr Tulk Adult State Library Victoria,2022-06-09,858
External Entry - Entry 2 Mr Tulk Adult State Library Victoria,2022-06-10,851
External Entry - Entry 2 Mr Tulk Adult State Library Victoria,2022-06-11,1139
External Entry - Entry 2 Mr Tulk Adult State Library Victoria,2022-06-12,1114
External Entry - Entry 2 Mr Tulk All MATH ZONE State Library Victoria,2022-06-06,453
External Entry - Entry 2 Mr Tulk All MATH ZONE State Library Victoria,2022-06-07,393
External Entry - Entry 2 Mr Tulk All MATH ZONE State Library Victoria,2022-06-08,533
External Entry - Entry 2 Mr Tulk All MATH ZONE State Library Victoria,2022-06-09,440
External Entry - Entry 2 Mr Tulk All MATH ZONE State Library Victoria,2022-06-10,437
External Entry - Entry 2 Mr Tulk All MATH ZONE State Library Victoria,2022-06-11,577
External Entry - Entry 2 Mr Tulk All MATH ZONE State Library Victoria,2022-06-12,575
External Entry - Entry 2 Mr Tulk All State Library Victoria,2022-06-06,921
External Entry - Entry 2 Mr Tulk All State Library Victoria,2022-06-07,804
External Entry - Entry 2 Mr Tulk All State Library Victoria,2022-06-08,1076
External Entry - Entry 2 Mr Tulk All State Library Victoria,2022-06-09,890
External Entry - Entry 2 Mr Tulk All State Library Victoria,2022-06-10,879
External Entry - Entry 2 Mr Tulk All State Library Victoria,2022-06-11,1168
External Entry - Entry 2 Mr Tulk All State Library Victoria,2022-06-12,1160
External Entry - Entry 2 Mr Tulk Child State Library Victoria,2022-06-06,34
External Entry - Entry 2 Mr Tulk Child State Library Victoria,2022-06-07,40
External Entry - Entry 2 Mr Tulk Child State Library Victoria,2022-06-08,37
External Entry - Entry 2 Mr Tulk Child State Library Victoria,2022-06-09,32
External Entry - Entry 2 Mr Tulk Child State Library Victoria,2022-06-10,28
External Entry - Entry 2 Mr Tulk Child State Library Victoria,2022-06-11,29
External Entry - Entry 2 Mr Tulk Child State Library Victoria,2022-06-12,46
External Entry - Entry 3 Adult State Library Victoria,2022-06-06,126
External Entry - Entry 3 Adult State Library Victoria,2022-06-07,341
External Entry - Entry 3 Adult State Library Victoria,2022-06-08,264
External Entry - Entry 3 Adult State Library Victoria,2022-06-09,314
External Entry - Entry 3 Adult State Library Victoria,2022-06-10,385
External Entry - Entry 3 Adult State Library Victoria,2022-06-11,137
External Entry - Entry 3 Adult State Library Victoria,2022-06-12,92
External Entry - Entry 3 All State Library Victoria,2022-06-06,147
External Entry - Entry 3 All State Library Victoria,2022-06-07,459
External Entry - Entry 3 All State Library Victoria,2022-06-08,361
External Entry - Entry 3 All State Library Victoria,2022-06-09,426
External Entry - Entry 3 All State Library Victoria,2022-06-10,512
External Entry - Entry 3 All State Library Victoria,2022-06-11,199
External Entry - Entry 3 All State Library Victoria,2022-06-12,131
External Entry - Entry 3 Child State Library Victoria,2022-06-06,21
External Entry - Entry 3 Child State Library Victoria,2022-06-07,118
External Entry - Entry 3 Child State Library Victoria,2022-06-08,97
External Entry - Entry 3 Child State Library Victoria,2022-06-09,112
External Entry - Entry 3 Child State Library Victoria,2022-06-10,127
External Entry - Entry 3 Child State Library Victoria,2022-06-11,62
External Entry - Entry 3 Child State Library Victoria,2022-06-12,39
External Entry - Entry 5 Adult State Library Victoria,2022-06-06,150
External Entry - Entry 5 Adult State Library Victoria,2022-06-07,133
External Entry - Entry 5 Adult State Library Victoria,2022-06-08,171
External Entry - Entry 5 Adult State Library Victoria,2022-06-09,153
External Entry - Entry 5 Adult State Library Victoria,2022-06-10,162
External Entry - Entry 5 Adult State Library Victoria,2022-06-11,220
External Entry - Entry 5 Adult State Library Victoria,2022-06-12,230
External Entry - Entry 5 All State Library Victoria,2022-06-06,153
External Entry - Entry 5 All State Library Victoria,2022-06-07,133
External Entry - Entry 5 All State Library Victoria,2022-06-08,173
External Entry - Entry 5 All State Library Victoria,2022-06-09,154
External Entry - Entry 5 All State Library Victoria,2022-06-10,165
External Entry - Entry 5 All State Library Victoria,2022-06-11,227
External Entry - Entry 5 All State Library Victoria,2022-06-12,234
External Entry - Entry 5 Child State Library Victoria,2022-06-06,3
External Entry - Entry 5 Child State Library Victoria,2022-06-07,0
External Entry - Entry 5 Child State Library Victoria,2022-06-08,2
External Entry - Entry 5 Child State Library Victoria,2022-06-09,1
External Entry - Entry 5 Child State Library Victoria,2022-06-10,3
External Entry - Entry 5 Child State Library Victoria,2022-06-11,7
External Entry - Entry 5 Child State Library Victoria,2022-06-12,4
External Entry - Entry 6 Adult State Library Victoria,2022-06-06,274
External Entry - Entry 6 Adult State Library Victoria,2022-06-07,238
External Entry - Entry 6 Adult State Library Victoria,2022-06-08,304
External Entry - Entry 6 Adult State Library Victoria,2022-06-09,232
External Entry - Entry 6 Adult State Library Victoria,2022-06-10,226
External Entry - Entry 6 Adult State Library Victoria,2022-06-11,356
External Entry - Entry 6 Adult State Library Victoria,2022-06-12,361
External Entry - Entry 6 All State Library Victoria,2022-06-06,274
External Entry - Entry 6 All State Library Victoria,2022-06-07,241
External Entry - Entry 6 All State Library Victoria,2022-06-08,304
External Entry - Entry 6 All State Library Victoria,2022-06-09,232
External Entry - Entry 6 All State Library Victoria,2022-06-10,227
External Entry - Entry 6 All State Library Victoria,2022-06-11,358
External Entry - Entry 6 All State Library Victoria,2022-06-12,363
External Entry - Entry 6 Child State Library Victoria,2022-06-06,0
External Entry - Entry 6 Child State Library Victoria,2022-06-07,3
External Entry - Entry 6 Child State Library Victoria,2022-06-08,0
External Entry - Entry 6 Child State Library Victoria,2022-06-09,0
External Entry - Entry 6 Child State Library Victoria,2022-06-10,1
External Entry - Entry 6 Child State Library Victoria,2022-06-11,2
External Entry - Entry 6 Child State Library Victoria,2022-06-12,2
Handmade Universe attendance ( N Rotunda & VG) State Library Victoria,2022-06-06,32
Handmade Universe attendance ( N Rotunda & VG) State Library Victoria,2022-06-07,22
Handmade Universe attendance ( N Rotunda & VG) State Library Victoria,2022-06-08,23
Handmade Universe attendance ( N Rotunda & VG) State Library Victoria,2022-06-09,18
Handmade Universe attendance ( N Rotunda & VG) State Library Victoria,2022-06-10,54
Handmade Universe attendance ( N Rotunda & VG) State Library Victoria,2022-06-11,12
Handmade Universe attendance ( N Rotunda & VG) State Library Victoria,2022-06-12,19
L4 Dome Gallery Lift TEST State Library Victoria,2022-06-06,0
L4 Dome Gallery Lift TEST State Library Victoria,2022-06-07,0
L4 Dome Gallery Lift TEST State Library Victoria,2022-06-08,0
L4 Dome Gallery Lift TEST State Library Victoria,2022-06-09,0
L4 Dome Gallery Lift TEST State Library Victoria,2022-06-10,0
L4 Dome Gallery Lift TEST State Library Victoria,2022-06-11,0
L4 Dome Gallery Lift TEST State Library Victoria,2022-06-12,0
L4 Dome Gallery OLD State Library Victoria,2022-06-06,0
L4 Dome Gallery OLD State Library Victoria,2022-06-07,0
L4 Dome Gallery OLD State Library Victoria,2022-06-08,0
L4 Dome Gallery OLD State Library Victoria,2022-06-09,0
L4 Dome Gallery OLD State Library Victoria,2022-06-10,0
L4 Dome Gallery OLD State Library Victoria,2022-06-11,0
L4 Dome Gallery OLD State Library Victoria,2022-06-12,0
L5 Dome Gallery State Library Victoria,2022-06-06,0
L5 Dome Gallery State Library Victoria,2022-06-07,0
L5 Dome Gallery State Library Victoria,2022-06-08,0
L5 Dome Gallery State Library Victoria,2022-06-09,0
L5 Dome Gallery State Library Victoria,2022-06-10,0
L5 Dome Gallery State Library Victoria,2022-06-11,0
L5 Dome Gallery State Library Victoria,2022-06-12,0
L5 Dome Gallery Void Test State Library Victoria,2022-06-06,0
L5 Dome Gallery Void Test State Library Victoria,2022-06-07,0
L5 Dome Gallery Void Test State Library Victoria,2022-06-08,0
L5 Dome Gallery Void Test State Library Victoria,2022-06-09,0
L5 Dome Gallery Void Test State Library Victoria,2022-06-10,0
L5 Dome Gallery Void Test State Library Victoria,2022-06-11,0
L5 Dome Gallery Void Test State Library Victoria,2022-06-12,0
Lift 3 test State Library Victoria,2022-06-06,0
Lift 3 test State Library Victoria,2022-06-07,0
Lift 3 test State Library Victoria,2022-06-08,0
Lift 3 test State Library Victoria,2022-06-09,0
Lift 3 test State Library Victoria,2022-06-10,0
Lift 3 test State Library Victoria,2022-06-11,0
Lift 3 test State Library Victoria,2022-06-12,0
Occupancy security State Library Victoria,2022-06-06,3675
Occupancy security State Library Victoria,2022-06-07,3588
Occupancy security State Library Victoria,2022-06-08,3762
Occupancy security State Library Victoria,2022-06-09,4102
Occupancy security State Library Victoria,2022-06-10,3834
Occupancy security State Library Victoria,2022-06-11,4875
Occupancy security State Library Victoria,2022-06-12,5142
Room - Arts Reading Room State Library Victoria,2022-06-06,129
Room - Arts Reading Room State Library Victoria,2022-06-07,108
Room - Arts Reading Room State Library Victoria,2022-06-08,152
Room - Arts Reading Room State Library Victoria,2022-06-09,133
Room - Arts Reading Room State Library Victoria,2022-06-10,129
Room - Arts Reading Room State Library Victoria,2022-06-11,199
Room - Arts Reading Room State Library Victoria,2022-06-12,224
Room - Children's Quarter Adult State Library Victoria,2022-06-06,303
Room - Children's Quarter Adult State Library Victoria,2022-06-07,699
Room - Children's Quarter Adult State Library Victoria,2022-06-08,329
Room - Children's Quarter Adult State Library Victoria,2022-06-09,343
Room - Children's Quarter Adult State Library Victoria,2022-06-10,299
Room - Children's Quarter Adult State Library Victoria,2022-06-11,805
Room - Children's Quarter Adult State Library Victoria,2022-06-12,991
Room - Children's Quarter All State Library Victoria,2022-06-06,361
Room - Children's Quarter All State Library Victoria,2022-06-07,742
Room - Children's Quarter All State Library Victoria,2022-06-08,385
Room - Children's Quarter All State Library Victoria,2022-06-09,413
Room - Children's Quarter All State Library Victoria,2022-06-10,358
Room - Children's Quarter All State Library Victoria,2022-06-11,924
Room - Children's Quarter All State Library Victoria,2022-06-12,1149
Room - Children's Quarter Child State Library Victoria,2022-06-06,58
Room - Children's Quarter Child State Library Victoria,2022-06-07,43
Room - Children's Quarter Child State Library Victoria,2022-06-08,56
Room - Children's Quarter Child State Library Victoria,2022-06-09,70
Room - Children's Quarter Child State Library Victoria,2022-06-10,59
Room - Children's Quarter Child State Library Victoria,2022-06-11,119
Room - Children's Quarter Child State Library Victoria,2022-06-12,158
Room - Conference Centre State Library Victoria,2022-06-06,274
Room - Conference Centre State Library Victoria,2022-06-07,648
Room - Conference Centre State Library Victoria,2022-06-08,488
Room - Conference Centre State Library Victoria,2022-06-09,558
Room - Conference Centre State Library Victoria,2022-06-10,628
Room - Conference Centre State Library Victoria,2022-06-11,278
Room - Conference Centre State Library Victoria,2022-06-12,227
Room - Conversation Quarter State Library Victoria,2022-06-06,3
Room - Conversation Quarter State Library Victoria,2022-06-07,128
Room - Conversation Quarter State Library Victoria,2022-06-08,9
Room - Conversation Quarter State Library Victoria,2022-06-09,7
Room - Conversation Quarter State Library Victoria,2022-06-10,7
Room - Conversation Quarter State Library Victoria,2022-06-11,25
Room - Conversation Quarter State Library Victoria,2022-06-12,10
Room - Cowen Gallery State Library Victoria,2022-06-06,3854
Room - Cowen Gallery State Library Victoria,2022-06-07,4070
Room - Cowen Gallery State Library Victoria,2022-06-08,4112
Room - Cowen Gallery State Library Victoria,2022-06-09,4157
Room - Cowen Gallery State Library Victoria,2022-06-10,4520
Room - Cowen Gallery State Library Victoria,2022-06-11,6073
Room - Cowen Gallery State Library Victoria,2022-06-12,6523
Room - Create Quarter State Library Victoria,2022-06-06,556
Room - Create Quarter State Library Victoria,2022-06-07,436
Room - Create Quarter State Library Victoria,2022-06-08,244
Room - Create Quarter State Library Victoria,2022-06-09,772
Room - Create Quarter State Library Victoria,2022-06-10,617
Room - Create Quarter State Library Victoria,2022-06-11,990
Room - Create Quarter State Library Victoria,2022-06-12,1077
Room - Dome Mezz L3 State Library Victoria,2022-06-06,2737
Room - Dome Mezz L3 State Library Victoria,2022-06-07,2825
Room - Dome Mezz L3 State Library Victoria,2022-06-08,2937
Room - Dome Mezz L3 State Library Victoria,2022-06-09,3118
Room - Dome Mezz L3 State Library Victoria,2022-06-10,3102
Room - Dome Mezz L3 State Library Victoria,2022-06-11,4201
Room - Dome Mezz L3 State Library Victoria,2022-06-12,4568
Room - HCRR State Library Victoria,2022-06-06,0
Room - HCRR State Library Victoria,2022-06-07,0
Room - HCRR State Library Victoria,2022-06-08,0
Room - HCRR State Library Victoria,2022-06-09,0
Room - HCRR State Library Victoria,2022-06-10,0
Room - HCRR State Library Victoria,2022-06-11,0
Room - HCRR State Library Victoria,2022-06-12,0
Room - Hansen Hall State Library Victoria,2022-06-06,949
Room - Hansen Hall State Library Victoria,2022-06-07,897
Room - Hansen Hall State Library Victoria,2022-06-08,913
Room - Hansen Hall State Library Victoria,2022-06-09,938
Room - Hansen Hall State Library Victoria,2022-06-10,835
Room - Hansen Hall State Library Victoria,2022-06-11,1026
Room - Hansen Hall State Library Victoria,2022-06-12,1086
Room - Ian Potter Queen's Hall- Ground State Library Victoria,2022-06-06,472
Room - Ian Potter Queen's Hall- Ground State Library Victoria,2022-06-07,451
Room - Ian Potter Queen's Hall- Ground State Library Victoria,2022-06-08,587
Room - Ian Potter Queen's Hall- Ground State Library Victoria,2022-06-09,827
Room - Ian Potter Queen's Hall- Ground State Library Victoria,2022-06-10,460
Room - Ian Potter Queen's Hall- Ground State Library Victoria,2022-06-11,580
Room - Ian Potter Queen's Hall- Ground State Library Victoria,2022-06-12,704
Room - Ian Potter Queen's Hall- Mezz State Library Victoria,2022-06-06,188
Room - Ian Potter Queen's Hall- Mezz State Library Victoria,2022-06-07,198
Room - Ian Potter Queen's Hall- Mezz State Library Victoria,2022-06-08,215
Room - Ian Potter Queen's Hall- Mezz State Library Victoria,2022-06-09,189
Room - Ian Potter Queen's Hall- Mezz State Library Victoria,2022-06-10,152
Room - Ian Potter Queen's Hall- Mezz State Library Victoria,2022-06-11,246
Room - Ian Potter Queen's Hall- Mezz State Library Victoria,2022-06-12,276
Room - Ideas Quarter State Library Victoria,2022-06-06,48
Room - Ideas Quarter State Library Victoria,2022-06-07,46
Room - Ideas Quarter State Library Victoria,2022-06-08,49
Room - Ideas Quarter State Library Victoria,2022-06-09,158
Room - Ideas Quarter State Library Victoria,2022-06-10,30
Room - Ideas Quarter State Library Victoria,2022-06-11,26
Room - Ideas Quarter State Library Victoria,2022-06-12,15
Room - KMG State Library Victoria,2022-06-06,2
Room - KMG State Library Victoria,2022-06-07,1
Room - KMG State Library Victoria,2022-06-08,1
Room - KMG State Library Victoria,2022-06-09,20
Room - KMG State Library Victoria,2022-06-10,9
Room - KMG State Library Victoria,2022-06-11,1
Room - KMG State Library Victoria,2022-06-12,0
Room - Latrobe Reading Room (Dome) State Library Victoria,2022-06-06,1671
Room - Latrobe Reading Room (Dome) State Library Victoria,2022-06-07,1692
Room - Latrobe Reading Room (Dome) State Library Victoria,2022-06-08,1722
Room - Latrobe Reading Room (Dome) State Library Victoria,2022-06-09,2110
Room - Latrobe Reading Room (Dome) State Library Victoria,2022-06-10,1790
Room - Latrobe Reading Room (Dome) State Library Victoria,2022-06-11,2551
Room - Latrobe Reading Room (Dome) State Library Victoria,2022-06-12,2848
Room - Mr Tulk Cafe State Library Victoria,2022-06-06,1206
Room - Mr Tulk Cafe State Library Victoria,2022-06-07,1087
Room - Mr Tulk Cafe State Library Victoria,2022-06-08,1379
Room - Mr Tulk Cafe State Library Victoria,2022-06-09,1241
Room - Mr Tulk Cafe State Library Victoria,2022-06-10,1193
Room - Mr Tulk Cafe State Library Victoria,2022-06-11,1551
Room - Mr Tulk Cafe State Library Victoria,2022-06-12,1524
Room - Newspapers and Family History Reading Rooms State Library Victoria,2022-06-06,572
Room - Newspapers and Family History Reading Rooms State Library Victoria,2022-06-07,517
Room - Newspapers and Family History Reading Rooms State Library Victoria,2022-06-08,608
Room - Newspapers and Family History Reading Rooms State Library Victoria,2022-06-09,561
Room - Newspapers and Family History Reading Rooms State Library Victoria,2022-06-10,675
Room - Newspapers and Family History Reading Rooms State Library Victoria,2022-06-11,898
Room - Newspapers and Family History Reading Rooms State Library Victoria,2022-06-12,915
Room - North Rotunda State Library Victoria,2022-06-06,96
Room - North Rotunda State Library Victoria,2022-06-07,93
Room - North Rotunda State Library Victoria,2022-06-08,52
Room - North Rotunda State Library Victoria,2022-06-09,49
Room - North Rotunda State Library Victoria,2022-06-10,166
Room - North Rotunda State Library Victoria,2022-06-11,12
Room - North Rotunda State Library Victoria,2022-06-12,19
Room - Queens Hall  ( ex Stair  inc. lift L3 &l4 L&R) State Library Victoria,2022-06-06,660
Room - Queens Hall  ( ex Stair  inc. lift L3 &l4 L&R) State Library Victoria,2022-06-07,649
Room - Queens Hall  ( ex Stair  inc. lift L3 &l4 L&R) State Library Victoria,2022-06-08,802
Room - Queens Hall  ( ex Stair  inc. lift L3 &l4 L&R) State Library Victoria,2022-06-09,1016
Room - Queens Hall  ( ex Stair  inc. lift L3 &l4 L&R) State Library Victoria,2022-06-10,612
Room - Queens Hall  ( ex Stair  inc. lift L3 &l4 L&R) State Library Victoria,2022-06-11,826
Room - Queens Hall  ( ex Stair  inc. lift L3 &l4 L&R) State Library Victoria,2022-06-12,980
Room - Redmond Barry Reading Room State Library Victoria,2022-06-06,2396
Room - Redmond Barry Reading Room State Library Victoria,2022-06-07,2261
Room - Redmond Barry Reading Room State Library Victoria,2022-06-08,2584
Room - Redmond Barry Reading Room State Library Victoria,2022-06-09,2618
Room - Redmond Barry Reading Room State Library Victoria,2022-06-10,2462
Room - Redmond Barry Reading Room State Library Victoria,2022-06-11,3318
Room - Redmond Barry Reading Room State Library Victoria,2022-06-12,3568
Room - Russell Street Welcome Zone State Library Victoria,2022-06-06,1049
Room - Russell Street Welcome Zone State Library Victoria,2022-06-07,979
Room - Russell Street Welcome Zone State Library Victoria,2022-06-08,1138
Room - Russell Street Welcome Zone State Library Victoria,2022-06-09,1279
Room - Russell Street Welcome Zone State Library Victoria,2022-06-10,941
Room - Russell Street Welcome Zone State Library Victoria,2022-06-11,1305
Room - Russell Street Welcome Zone State Library Victoria,2022-06-12,1359
Room - South Rotunda State Library Victoria,2022-06-06,530
Room - South Rotunda State Library Victoria,2022-06-07,724
Room - South Rotunda State Library Victoria,2022-06-08,508
Room - South Rotunda State Library Victoria,2022-06-09,619
Room - South Rotunda State Library Victoria,2022-06-10,882
Room - South Rotunda State Library Victoria,2022-06-11,1264
Room - South Rotunda State Library Victoria,2022-06-12,1342
Room - Start Space Mez State Library Victoria,2022-06-06,27
Room - Start Space Mez State Library Victoria,2022-06-07,4
Room - Start Space Mez State Library Victoria,2022-06-08,13
Room - Start Space Mez State Library Victoria,2022-06-09,4
Room - Start Space Mez State Library Victoria,2022-06-10,6
Room - Start Space Mez State Library Victoria,2022-06-11,5
Room - Start Space Mez State Library Victoria,2022-06-12,12
Room - Study Space State Library Victoria,2022-06-06,231
Room - Study Space State Library Victoria,2022-06-07,215
Room - Study Space State Library Victoria,2022-06-08,267
Room - Study Space State Library Victoria,2022-06-09,236
Room - Study Space State Library Victoria,2022-06-10,227
Room - Study Space State Library Victoria,2022-06-11,235
Room - Study Space State Library Victoria,2022-06-12,299
Room - Swanston St Foyer State Library Victoria,2022-06-06,7285
Room - Swanston St Foyer State Library Victoria,2022-06-07,6919
Room - Swanston St Foyer State Library Victoria,2022-06-08,7388
Room - Swanston St Foyer State Library Victoria,2022-06-09,8063
Room - Swanston St Foyer State Library Victoria,2022-06-10,7634
Room - Swanston St Foyer State Library Victoria,2022-06-11,9961
Room - Swanston St Foyer State Library Victoria,2022-06-12,10835
Room - TIC State Library Victoria,2022-06-06,5608
Room - TIC State Library Victoria,2022-06-07,6151
Room - TIC State Library Victoria,2022-06-08,5563
Room - TIC State Library Victoria,2022-06-09,6219
Room - TIC State Library Victoria,2022-06-10,6162
Room - TIC State Library Victoria,2022-06-11,8378
Room - TIC State Library Victoria,2022-06-12,9172
Room - TIC and Quarters State Library Victoria,2022-06-06,4886
Room - TIC and Quarters State Library Victoria,2022-06-07,5072
Room - TIC and Quarters State Library Victoria,2022-06-08,5023
Room - TIC and Quarters State Library Victoria,2022-06-09,4865
Room - TIC and Quarters State Library Victoria,2022-06-10,5378
Room - TIC and Quarters State Library Victoria,2022-06-11,6824
Room - TIC and Quarters State Library Victoria,2022-06-12,7179
Room - Victoria Gallery State Library Victoria,2022-06-06,81
Room - Victoria Gallery State Library Victoria,2022-06-07,81
Room - Victoria Gallery State Library Victoria,2022-06-08,62
Room - Victoria Gallery State Library Victoria,2022-06-09,38
Room - Victoria Gallery State Library Victoria,2022-06-10,152
Room - Victoria Gallery State Library Victoria,2022-06-11,0
Room - Victoria Gallery State Library Victoria,2022-06-12,3
Room- L4 Dome Gallery NEW State Library Victoria,2022-06-06,0
Room- L4 Dome Gallery NEW State Library Victoria,2022-06-07,0
Room- L4 Dome Gallery NEW State Library Victoria,2022-06-08,0
Room- L4 Dome Gallery NEW State Library Victoria,2022-06-09,0
Room- L4 Dome Gallery NEW State Library Victoria,2022-06-10,0
Room- L4 Dome Gallery NEW State Library Victoria,2022-06-11,0
Room- L4 Dome Gallery NEW State Library Victoria,2022-06-12,0
Room-Overall Dome Gallery Entry State Library Victoria,2022-06-06,0
Room-Overall Dome Gallery Entry State Library Victoria,2022-06-07,0
Room-Overall Dome Gallery Entry State Library Victoria,2022-06-08,0
Room-Overall Dome Gallery Entry State Library Victoria,2022-06-09,0
Room-Overall Dome Gallery Entry State Library Victoria,2022-06-10,0
Room-Overall Dome Gallery Entry State Library Victoria,2022-06-11,0
Room-Overall Dome Gallery Entry State Library Victoria,2022-06-12,0
Sensor - Latrobe reading room Mezz entry State Library Victoria,2022-06-06,763
Sensor - Latrobe reading room Mezz entry State Library Victoria,2022-06-07,857
Sensor - Latrobe reading room Mezz entry State Library Victoria,2022-06-08,819
Sensor - Latrobe reading room Mezz entry State Library Victoria,2022-06-09,796
Sensor - Latrobe reading room Mezz entry State Library Victoria,2022-06-10,939
Sensor - Latrobe reading room Mezz entry State Library Victoria,2022-06-11,1334
Sensor - Latrobe reading room Mezz entry State Library Victoria,2022-06-12,1512
Sensor 10a - North Link L2/Information Centre State Library Victoria,2022-06-06,127
Sensor 10a - North Link L2/Information Centre State Library Victoria,2022-06-07,234
Sensor 10a - North Link L2/Information Centre State Library Victoria,2022-06-08,205
Sensor 10a - North Link L2/Information Centre State Library Victoria,2022-06-09,205
Sensor 10a - North Link L2/Information Centre State Library Victoria,2022-06-10,183
Sensor 10a - North Link L2/Information Centre State Library Victoria,2022-06-11,154
Sensor 10a - North Link L2/Information Centre State Library Victoria,2022-06-12,103
Sensor 10b - La Trobe St Entry 3 State Library Victoria,2022-06-06,126
Sensor 10b - La Trobe St Entry 3 State Library Victoria,2022-06-07,341
Sensor 10b - La Trobe St Entry 3 State Library Victoria,2022-06-08,264
Sensor 10b - La Trobe St Entry 3 State Library Victoria,2022-06-09,314
Sensor 10b - La Trobe St Entry 3 State Library Victoria,2022-06-10,385
Sensor 10b - La Trobe St Entry 3 State Library Victoria,2022-06-11,137
Sensor 10b - La Trobe St Entry 3 State Library Victoria,2022-06-12,92
Sensor 11.1 - Info Centre/East Link L2 State Library Victoria,2022-06-06,716
Sensor 11.1 - Info Centre/East Link L2 State Library Victoria,2022-06-07,661
Sensor 11.1 - Info Centre/East Link L2 State Library Victoria,2022-06-08,734
Sensor 11.1 - Info Centre/East Link L2 State Library Victoria,2022-06-09,720
Sensor 11.1 - Info Centre/East Link L2 State Library Victoria,2022-06-10,895
Sensor 11.1 - Info Centre/East Link L2 State Library Victoria,2022-06-11,1189
Sensor 11.1 - Info Centre/East Link L2 State Library Victoria,2022-06-12,1091
Sensor 11.2 - Info Centre/East Link L2 State Library Victoria,2022-06-06,989
Sensor 11.2 - Info Centre/East Link L2 State Library Victoria,2022-06-07,1181
Sensor 11.2 - Info Centre/East Link L2 State Library Victoria,2022-06-08,1111
Sensor 11.2 - Info Centre/East Link L2 State Library Victoria,2022-06-09,1010
Sensor 11.2 - Info Centre/East Link L2 State Library Victoria,2022-06-10,1098
Sensor 11.2 - Info Centre/East Link L2 State Library Victoria,2022-06-11,1360
Sensor 11.2 - Info Centre/East Link L2 State Library Victoria,2022-06-12,1564
Sensor 11.3 - Info Centre/East Link L2 State Library Victoria,2022-06-06,345
Sensor 11.3 - Info Centre/East Link L2 State Library Victoria,2022-06-07,372
Sensor 11.3 - Info Centre/East Link L2 State Library Victoria,2022-06-08,351
Sensor 11.3 - Info Centre/East Link L2 State Library Victoria,2022-06-09,356
Sensor 11.3 - Info Centre/East Link L2 State Library Victoria,2022-06-10,340
Sensor 11.3 - Info Centre/East Link L2 State Library Victoria,2022-06-11,430
Sensor 11.3 - Info Centre/East Link L2 State Library Victoria,2022-06-12,473
Sensor 12 - The Ian Potter Queen's Hall L3 lift State Library Victoria,2022-06-06,37
Sensor 12 - The Ian Potter Queen's Hall L3 lift State Library Victoria,2022-06-07,31
Sensor 12 - The Ian Potter Queen's Hall L3 lift State Library Victoria,2022-06-08,70
Sensor 12 - The Ian Potter Queen's Hall L3 lift State Library Victoria,2022-06-09,53
Sensor 12 - The Ian Potter Queen's Hall L3 lift State Library Victoria,2022-06-10,49
Sensor 12 - The Ian Potter Queen's Hall L3 lift State Library Victoria,2022-06-11,32
Sensor 12 - The Ian Potter Queen's Hall L3 lift State Library Victoria,2022-06-12,52
Sensor 13 - The Ian Potter Queen's Hall L3/West Link State Library Victoria,2022-06-06,435
Sensor 13 - The Ian Potter Queen's Hall L3/West Link State Library Victoria,2022-06-07,420
Sensor 13 - The Ian Potter Queen's Hall L3/West Link State Library Victoria,2022-06-08,517
Sensor 13 - The Ian Potter Queen's Hall L3/West Link State Library Victoria,2022-06-09,774
Sensor 13 - The Ian Potter Queen's Hall L3/West Link State Library Victoria,2022-06-10,411
Sensor 13 - The Ian Potter Queen's Hall L3/West Link State Library Victoria,2022-06-11,548
Sensor 13 - The Ian Potter Queen's Hall L3/West Link State Library Victoria,2022-06-12,652
Sensor 14 - West Link L3/Dome L3 State Library Victoria,2022-06-06,908
Sensor 14 - West Link L3/Dome L3 State Library Victoria,2022-06-07,835
Sensor 14 - West Link L3/Dome L3 State Library Victoria,2022-06-08,903
Sensor 14 - West Link L3/Dome L3 State Library Victoria,2022-06-09,1314
Sensor 14 - West Link L3/Dome L3 State Library Victoria,2022-06-10,851
Sensor 14 - West Link L3/Dome L3 State Library Victoria,2022-06-11,1217
Sensor 14 - West Link L3/Dome L3 State Library Victoria,2022-06-12,1336
Sensor 15.1 - Left Stairs Cowen Gallery/East Link State Library Victoria,2022-06-06,1082
Sensor 15.1 - Left Stairs Cowen Gallery/East Link State Library Victoria,2022-06-07,1023
Sensor 15.1 - Left Stairs Cowen Gallery/East Link State Library Victoria,2022-06-08,1113
Sensor 15.1 - Left Stairs Cowen Gallery/East Link State Library Victoria,2022-06-09,960
Sensor 15.1 - Left Stairs Cowen Gallery/East Link State Library Victoria,2022-06-10,1212
Sensor 15.1 - Left Stairs Cowen Gallery/East Link State Library Victoria,2022-06-11,1507
Sensor 15.1 - Left Stairs Cowen Gallery/East Link State Library Victoria,2022-06-12,1464
Sensor 15.2 - Right Stairs Cowen Gallery/East Link State Library Victoria,2022-06-06,699
Sensor 15.2 - Right Stairs Cowen Gallery/East Link State Library Victoria,2022-06-07,804
Sensor 15.2 - Right Stairs Cowen Gallery/East Link State Library Victoria,2022-06-08,820
Sensor 15.2 - Right Stairs Cowen Gallery/East Link State Library Victoria,2022-06-09,1088
Sensor 15.2 - Right Stairs Cowen Gallery/East Link State Library Victoria,2022-06-10,806
Sensor 15.2 - Right Stairs Cowen Gallery/East Link State Library Victoria,2022-06-11,1101
Sensor 15.2 - Right Stairs Cowen Gallery/East Link State Library Victoria,2022-06-12,1350
Sensor 15.3 - Lifts Cowen Gallery/East Link State Library Victoria,2022-06-06,173
Sensor 15.3 - Lifts Cowen Gallery/East Link State Library Victoria,2022-06-07,261
Sensor 15.3 - Lifts Cowen Gallery/East Link State Library Victoria,2022-06-08,200
Sensor 15.3 - Lifts Cowen Gallery/East Link State Library Victoria,2022-06-09,223
Sensor 15.3 - Lifts Cowen Gallery/East Link State Library Victoria,2022-06-10,214
Sensor 15.3 - Lifts Cowen Gallery/East Link State Library Victoria,2022-06-11,274
Sensor 15.3 - Lifts Cowen Gallery/East Link State Library Victoria,2022-06-12,301
Sensor 16 - Cowen Gallery/North Rotunda State Library Victoria,2022-06-06,23
Sensor 16 - Cowen Gallery/North Rotunda State Library Victoria,2022-06-07,17
Sensor 16 - Cowen Gallery/North Rotunda State Library Victoria,2022-06-08,7
Sensor 16 - Cowen Gallery/North Rotunda State Library Victoria,2022-06-09,12
Sensor 16 - Cowen Gallery/North Rotunda State Library Victoria,2022-06-10,31
Sensor 16 - Cowen Gallery/North Rotunda State Library Victoria,2022-06-11,12
Sensor 16 - Cowen Gallery/North Rotunda State Library Victoria,2022-06-12,8
Sensor 17 - North Rotunda/Victoria Gallery State Library Victoria,2022-06-06,70
Sensor 17 - North Rotunda/Victoria Gallery State Library Victoria,2022-06-07,79
Sensor 17 - North Rotunda/Victoria Gallery State Library Victoria,2022-06-08,48
Sensor 17 - North Rotunda/Victoria Gallery State Library Victoria,2022-06-09,38
Sensor 17 - North Rotunda/Victoria Gallery State Library Victoria,2022-06-10,139
Sensor 17 - North Rotunda/Victoria Gallery State Library Victoria,2022-06-11,0
Sensor 17 - North Rotunda/Victoria Gallery State Library Victoria,2022-06-12,3
Sensor 18 - Victoria Gallery/NEW State Library Victoria,2022-06-06,11
Sensor 18 - Victoria Gallery/NEW State Library Victoria,2022-06-07,2
Sensor 18 - Victoria Gallery/NEW State Library Victoria,2022-06-08,14
Sensor 18 - Victoria Gallery/NEW State Library Victoria,2022-06-09,0
Sensor 18 - Victoria Gallery/NEW State Library Victoria,2022-06-10,13
Sensor 18 - Victoria Gallery/NEW State Library Victoria,2022-06-11,0
Sensor 18 - Victoria Gallery/NEW State Library Victoria,2022-06-12,0
Sensor 19 - Cowen Gallery/South Rotunda State Library Victoria,2022-06-06,364
Sensor 19 - Cowen Gallery/South Rotunda State Library Victoria,2022-06-07,571
Sensor 19 - Cowen Gallery/South Rotunda State Library Victoria,2022-06-08,356
Sensor 19 - Cowen Gallery/South Rotunda State Library Victoria,2022-06-09,465
Sensor 19 - Cowen Gallery/South Rotunda State Library Victoria,2022-06-10,604
Sensor 19 - Cowen Gallery/South Rotunda State Library Victoria,2022-06-11,934
Sensor 19 - Cowen Gallery/South Rotunda State Library Victoria,2022-06-12,1043
Sensor 2 - Hansen Hall/Tulk 2 State Library Victoria,2022-06-06,394
Sensor 2 - Hansen Hall/Tulk 2 State Library Victoria,2022-06-07,336
Sensor 2 - Hansen Hall/Tulk 2 State Library Victoria,2022-06-08,386
Sensor 2 - Hansen Hall/Tulk 2 State Library Victoria,2022-06-09,459
Sensor 2 - Hansen Hall/Tulk 2 State Library Victoria,2022-06-10,325
Sensor 2 - Hansen Hall/Tulk 2 State Library Victoria,2022-06-11,373
Sensor 2 - Hansen Hall/Tulk 2 State Library Victoria,2022-06-12,429
Sensor 20 - South Rotunda/Macarthur State Library Victoria,2022-06-06,176
Sensor 20 - South Rotunda/Macarthur State Library Victoria,2022-06-07,136
Sensor 20 - South Rotunda/Macarthur State Library Victoria,2022-06-08,144
Sensor 20 - South Rotunda/Macarthur State Library Victoria,2022-06-09,153
Sensor 20 - South Rotunda/Macarthur State Library Victoria,2022-06-10,273
Sensor 20 - South Rotunda/Macarthur State Library Victoria,2022-06-11,332
Sensor 20 - South Rotunda/Macarthur State Library Victoria,2022-06-12,301
Sensor 21 - Cowen Gallery/Redmond Barry State Library Victoria,2022-06-06,1513
Sensor 21 - Cowen Gallery/Redmond Barry State Library Victoria,2022-06-07,1394
Sensor 21 - Cowen Gallery/Redmond Barry State Library Victoria,2022-06-08,1616
Sensor 21 - Cowen Gallery/Redmond Barry State Library Victoria,2022-06-09,1409
Sensor 21 - Cowen Gallery/Redmond Barry State Library Victoria,2022-06-10,1653
Sensor 21 - Cowen Gallery/Redmond Barry State Library Victoria,2022-06-11,2245
Sensor 21 - Cowen Gallery/Redmond Barry State Library Victoria,2022-06-12,2357
Sensor 22 - Macarthur/Redmond Barry State Library Victoria,2022-06-06,269
Sensor 22 - Macarthur/Redmond Barry State Library Victoria,2022-06-07,267
Sensor 22 - Macarthur/Redmond Barry State Library Victoria,2022-06-08,313
Sensor 22 - Macarthur/Redmond Barry State Library Victoria,2022-06-09,283
Sensor 22 - Macarthur/Redmond Barry State Library Victoria,2022-06-10,269
Sensor 22 - Macarthur/Redmond Barry State Library Victoria,2022-06-11,354
Sensor 22 - Macarthur/Redmond Barry State Library Victoria,2022-06-12,392
Sensor 24 - Swinburne/Macarthur State Library Victoria,2022-06-06,127
Sensor 24 - Swinburne/Macarthur State Library Victoria,2022-06-07,114
Sensor 24 - Swinburne/Macarthur State Library Victoria,2022-06-08,151
Sensor 24 - Swinburne/Macarthur State Library Victoria,2022-06-09,125
Sensor 24 - Swinburne/Macarthur State Library Victoria,2022-06-10,133
Sensor 24 - Swinburne/Macarthur State Library Victoria,2022-06-11,212
Sensor 24 - Swinburne/Macarthur State Library Victoria,2022-06-12,222
Sensor 25 - Russell St/Redmond Barry State Library Victoria,2022-06-06,391
Sensor 25 - Russell St/Redmond Barry State Library Victoria,2022-06-07,335
Sensor 25 - Russell St/Redmond Barry State Library Victoria,2022-06-08,421
Sensor 25 - Russell St/Redmond Barry State Library Victoria,2022-06-09,720
Sensor 25 - Russell St/Redmond Barry State Library Victoria,2022-06-10,334
Sensor 25 - Russell St/Redmond Barry State Library Victoria,2022-06-11,448
Sensor 25 - Russell St/Redmond Barry State Library Victoria,2022-06-12,498
Sensor 26 - Russell St/Redmond Barry State Library Victoria,2022-06-06,234
Sensor 26 - Russell St/Redmond Barry State Library Victoria,2022-06-07,270
Sensor 26 - Russell St/Redmond Barry State Library Victoria,2022-06-08,242
Sensor 26 - Russell St/Redmond Barry State Library Victoria,2022-06-09,174
Sensor 26 - Russell St/Redmond Barry State Library Victoria,2022-06-10,218
Sensor 26 - Russell St/Redmond Barry State Library Victoria,2022-06-11,279
Sensor 26 - Russell St/Redmond Barry State Library Victoria,2022-06-12,268
Sensor 27 - Russell St Entry 6 State Library Victoria,2022-06-06,274
Sensor 27 - Russell St Entry 6 State Library Victoria,2022-06-07,238
Sensor 27 - Russell St Entry 6 State Library Victoria,2022-06-08,304
Sensor 27 - Russell St Entry 6 State Library Victoria,2022-06-09,232
Sensor 27 - Russell St Entry 6 State Library Victoria,2022-06-10,226
Sensor 27 - Russell St Entry 6 State Library Victoria,2022-06-11,356
Sensor 27 - Russell St Entry 6 State Library Victoria,2022-06-12,361
Sensor 28 - Latrobe St Entry 5 State Library Victoria,2022-06-06,150
Sensor 28 - Latrobe St Entry 5 State Library Victoria,2022-06-07,133
Sensor 28 - Latrobe St Entry 5 State Library Victoria,2022-06-08,171
Sensor 28 - Latrobe St Entry 5 State Library Victoria,2022-06-09,153
Sensor 28 - Latrobe St Entry 5 State Library Victoria,2022-06-10,162
Sensor 28 - Latrobe St Entry 5 State Library Victoria,2022-06-11,220
Sensor 28 - Latrobe St Entry 5 State Library Victoria,2022-06-12,230
Sensor 29 - The Ian Potter Queen's Hall L4 lift front State Library Victoria,2022-06-06,29
Sensor 29 - The Ian Potter Queen's Hall L4 lift front State Library Victoria,2022-06-07,25
Sensor 29 - The Ian Potter Queen's Hall L4 lift front State Library Victoria,2022-06-08,24
Sensor 29 - The Ian Potter Queen's Hall L4 lift front State Library Victoria,2022-06-09,25
Sensor 29 - The Ian Potter Queen's Hall L4 lift front State Library Victoria,2022-06-10,27
Sensor 29 - The Ian Potter Queen's Hall L4 lift front State Library Victoria,2022-06-11,35
Sensor 29 - The Ian Potter Queen's Hall L4 lift front State Library Victoria,2022-06-12,42
Sensor 29b - The Ian Potter Queens Hall L4 Lift Rear State Library Victoria,2022-06-06,22
Sensor 29b - The Ian Potter Queens Hall L4 Lift Rear State Library Victoria,2022-06-07,32
Sensor 29b - The Ian Potter Queens Hall L4 Lift Rear State Library Victoria,2022-06-08,26
Sensor 29b - The Ian Potter Queens Hall L4 Lift Rear State Library Victoria,2022-06-09,37
Sensor 29b - The Ian Potter Queens Hall L4 Lift Rear State Library Victoria,2022-06-10,32
Sensor 29b - The Ian Potter Queens Hall L4 Lift Rear State Library Victoria,2022-06-11,39
Sensor 29b - The Ian Potter Queens Hall L4 Lift Rear State Library Victoria,2022-06-12,33
Sensor 2b - La Trobe St Tulk Cafe Entry 2 State Library Victoria,2022-06-06,887
Sensor 2b - La Trobe St Tulk Cafe Entry 2 State Library Victoria,2022-06-07,764
Sensor 2b - La Trobe St Tulk Cafe Entry 2 State Library Victoria,2022-06-08,1039
Sensor 2b - La Trobe St Tulk Cafe Entry 2 State Library Victoria,2022-06-09,858
Sensor 2b - La Trobe St Tulk Cafe Entry 2 State Library Victoria,2022-06-10,851
Sensor 2b - La Trobe St Tulk Cafe Entry 2 State Library Victoria,2022-06-11,1139
Sensor 2b - La Trobe St Tulk Cafe Entry 2 State Library Victoria,2022-06-12,1114
Sensor 3 Swanston St foyer/Hansen Hall State Library Victoria,2022-06-06,555
Sensor 3 Swanston St foyer/Hansen Hall State Library Victoria,2022-06-07,561
Sensor 3 Swanston St foyer/Hansen Hall State Library Victoria,2022-06-08,527
Sensor 3 Swanston St foyer/Hansen Hall State Library Victoria,2022-06-09,479
Sensor 3 Swanston St foyer/Hansen Hall State Library Victoria,2022-06-10,510
Sensor 3 Swanston St foyer/Hansen Hall State Library Victoria,2022-06-11,653
Sensor 3 Swanston St foyer/Hansen Hall State Library Victoria,2022-06-12,657
Sensor 30 The Ian Potter Queen's Hall L4 stairs State Library Victoria,2022-06-06,137
Sensor 30 The Ian Potter Queen's Hall L4 stairs State Library Victoria,2022-06-07,141
Sensor 30 The Ian Potter Queen's Hall L4 stairs State Library Victoria,2022-06-08,165
Sensor 30 The Ian Potter Queen's Hall L4 stairs State Library Victoria,2022-06-09,127
Sensor 30 The Ian Potter Queen's Hall L4 stairs State Library Victoria,2022-06-10,93
Sensor 30 The Ian Potter Queen's Hall L4 stairs State Library Victoria,2022-06-11,172
Sensor 30 The Ian Potter Queen's Hall L4 stairs State Library Victoria,2022-06-12,201
Sensor 4 Swanston St foyer/KMG State Library Victoria,2022-06-06,2
Sensor 4 Swanston St foyer/KMG State Library Victoria,2022-06-07,1
Sensor 4 Swanston St foyer/KMG State Library Victoria,2022-06-08,1
Sensor 4 Swanston St foyer/KMG State Library Victoria,2022-06-09,20
Sensor 4 Swanston St foyer/KMG State Library Victoria,2022-06-10,9
Sensor 4 Swanston St foyer/KMG State Library Victoria,2022-06-11,1
Sensor 4 Swanston St foyer/KMG State Library Victoria,2022-06-12,0
Sensor 5 West Link L2/Information Centre State Library Victoria,2022-06-06,2687
Sensor 5 West Link L2/Information Centre State Library Victoria,2022-06-07,2592
Sensor 5 West Link L2/Information Centre State Library Victoria,2022-06-08,2596
Sensor 5 West Link L2/Information Centre State Library Victoria,2022-06-09,2537
Sensor 5 West Link L2/Information Centre State Library Victoria,2022-06-10,2830
Sensor 5 West Link L2/Information Centre State Library Victoria,2022-06-11,3652
Sensor 5 West Link L2/Information Centre State Library Victoria,2022-06-12,3915
Sensor 6.1 Conversation Quarter State Library Victoria,2022-06-06,0
Sensor 6.1 Conversation Quarter State Library Victoria,2022-06-07,84
Sensor 6.1 Conversation Quarter State Library Victoria,2022-06-08,4
Sensor 6.1 Conversation Quarter State Library Victoria,2022-06-09,4
Sensor 6.1 Conversation Quarter State Library Victoria,2022-06-10,0
Sensor 6.1 Conversation Quarter State Library Victoria,2022-06-11,9
Sensor 6.1 Conversation Quarter State Library Victoria,2022-06-12,8
Sensor 6.2 Conversation Quarter State Library Victoria,2022-06-06,3
Sensor 6.2 Conversation Quarter State Library Victoria,2022-06-07,44
Sensor 6.2 Conversation Quarter State Library Victoria,2022-06-08,5
Sensor 6.2 Conversation Quarter State Library Victoria,2022-06-09,3
Sensor 6.2 Conversation Quarter State Library Victoria,2022-06-10,7
Sensor 6.2 Conversation Quarter State Library Victoria,2022-06-11,16
Sensor 6.2 Conversation Quarter State Library Victoria,2022-06-12,2
Sensor 7.1 Ideas Quarter State Library Victoria,2022-06-06,46
Sensor 7.1 Ideas Quarter State Library Victoria,2022-06-07,44
Sensor 7.1 Ideas Quarter State Library Victoria,2022-06-08,47
Sensor 7.1 Ideas Quarter State Library Victoria,2022-06-09,84
Sensor 7.1 Ideas Quarter State Library Victoria,2022-06-10,30
Sensor 7.1 Ideas Quarter State Library Victoria,2022-06-11,25
Sensor 7.1 Ideas Quarter State Library Victoria,2022-06-12,10
Sensor 7.2 Ideas Quarter State Library Victoria,2022-06-06,2
Sensor 7.2 Ideas Quarter State Library Victoria,2022-06-07,2
Sensor 7.2 Ideas Quarter State Library Victoria,2022-06-08,2
Sensor 7.2 Ideas Quarter State Library Victoria,2022-06-09,74
Sensor 7.2 Ideas Quarter State Library Victoria,2022-06-10,0
Sensor 7.2 Ideas Quarter State Library Victoria,2022-06-11,1
Sensor 7.2 Ideas Quarter State Library Victoria,2022-06-12,5
Sensor 7a East Link L3/StartSpace State Library Victoria,2022-06-06,231
Sensor 7a East Link L3/StartSpace State Library Victoria,2022-06-07,215
Sensor 7a East Link L3/StartSpace State Library Victoria,2022-06-08,267
Sensor 7a East Link L3/StartSpace State Library Victoria,2022-06-09,236
Sensor 7a East Link L3/StartSpace State Library Victoria,2022-06-10,227
Sensor 7a East Link L3/StartSpace State Library Victoria,2022-06-11,235
Sensor 7a East Link L3/StartSpace State Library Victoria,2022-06-12,299
Sensor 7b East Link L3/Study Space State Library Victoria,2022-06-06,27
Sensor 7b East Link L3/Study Space State Library Victoria,2022-06-07,4
Sensor 7b East Link L3/Study Space State Library Victoria,2022-06-08,13
Sensor 7b East Link L3/Study Space State Library Victoria,2022-06-09,4
Sensor 7b East Link L3/Study Space State Library Victoria,2022-06-10,6
Sensor 7b East Link L3/Study Space State Library Victoria,2022-06-11,5
Sensor 7b East Link L3/Study Space State Library Victoria,2022-06-12,12
Sensor 8.1 Create Quarter State Library Victoria,2022-06-06,384
Sensor 8.1 Create Quarter State Library Victoria,2022-06-07,305
Sensor 8.1 Create Quarter State Library Victoria,2022-06-08,244
Sensor 8.1 Create Quarter State Library Victoria,2022-06-09,609
Sensor 8.1 Create Quarter State Library Victoria,2022-06-10,617
Sensor 8.1 Create Quarter State Library Victoria,2022-06-11,542
Sensor 8.1 Create Quarter State Library Victoria,2022-06-12,699
Sensor 8.2 Create Quarter State Library Victoria,2022-06-06,172
Sensor 8.2 Create Quarter State Library Victoria,2022-06-07,131
Sensor 8.2 Create Quarter State Library Victoria,2022-06-08,0
Sensor 8.2 Create Quarter State Library Victoria,2022-06-09,163
Sensor 8.2 Create Quarter State Library Victoria,2022-06-10,0
Sensor 8.2 Create Quarter State Library Victoria,2022-06-11,448
Sensor 8.2 Create Quarter State Library Victoria,2022-06-12,378
Sensor 9.1 Children's Quarter State Library Victoria,2022-06-06,95
Sensor 9.1 Children's Quarter State Library Victoria,2022-06-07,358
Sensor 9.1 Children's Quarter State Library Victoria,2022-06-08,101
Sensor 9.1 Children's Quarter State Library Victoria,2022-06-09,125
Sensor 9.1 Children's Quarter State Library Victoria,2022-06-10,131
Sensor 9.1 Children's Quarter State Library Victoria,2022-06-11,353
Sensor 9.1 Children's Quarter State Library Victoria,2022-06-12,432
Sensor 9.2 Children's Quarter State Library Victoria,2022-06-06,208
Sensor 9.2 Children's Quarter State Library Victoria,2022-06-07,341
Sensor 9.2 Children's Quarter State Library Victoria,2022-06-08,228
Sensor 9.2 Children's Quarter State Library Victoria,2022-06-09,218
Sensor 9.2 Children's Quarter State Library Victoria,2022-06-10,168
Sensor 9.2 Children's Quarter State Library Victoria,2022-06-11,452
Sensor 9.2 Children's Quarter State Library Victoria,2022-06-12,559
Sensor- North rotunda - Staff State Library Victoria,2022-06-06,0
Sensor- North rotunda - Staff State Library Victoria,2022-06-07,0
Sensor- North rotunda - Staff State Library Victoria,2022-06-08,0
Sensor- North rotunda - Staff State Library Victoria,2022-06-09,0
Sensor- North rotunda - Staff State Library Victoria,2022-06-10,0
Sensor- North rotunda - Staff State Library Victoria,2022-06-11,0
Sensor- North rotunda - Staff State Library Victoria,2022-06-12,0
TIC 00:b0:9d:24:47:6e State Library Victoria,2022-06-06,2687
TIC 00:b0:9d:24:47:6e State Library Victoria,2022-06-07,2592
TIC 00:b0:9d:24:47:6e State Library Victoria,2022-06-08,2596
TIC 00:b0:9d:24:47:6e State Library Victoria,2022-06-09,2537
TIC 00:b0:9d:24:47:6e State Library Victoria,2022-06-10,2830
TIC 00:b0:9d:24:47:6e State Library Victoria,2022-06-11,3652
TIC 00:b0:9d:24:47:6e State Library Victoria,2022-06-12,3915
TIC 00:b0:9d:24:47:6f State Library Victoria,2022-06-06,2
TIC 00:b0:9d:24:47:6f State Library Victoria,2022-06-07,20
TIC 00:b0:9d:24:47:6f State Library Victoria,2022-06-08,9
TIC 00:b0:9d:24:47:6f State Library Victoria,2022-06-09,6
TIC 00:b0:9d:24:47:6f State Library Victoria,2022-06-10,17
TIC 00:b0:9d:24:47:6f State Library Victoria,2022-06-11,18
TIC 00:b0:9d:24:47:6f State Library Victoria,2022-06-12,17
TIC 00:b0:9d:24:47:71 State Library Victoria,2022-06-06,198
TIC 00:b0:9d:24:47:71 State Library Victoria,2022-06-07,163
TIC 00:b0:9d:24:47:71 State Library Victoria,2022-06-08,0
TIC 00:b0:9d:24:47:71 State Library Victoria,2022-06-09,225
TIC 00:b0:9d:24:47:71 State Library Victoria,2022-06-10,1
TIC 00:b0:9d:24:47:71 State Library Victoria,2022-06-11,470
TIC 00:b0:9d:24:47:71 State Library Victoria,2022-06-12,521
TIC 00:b0:9d:24:47:91 State Library Victoria,2022-06-06,113
TIC 00:b0:9d:24:47:91 State Library Victoria,2022-06-07,232
TIC 00:b0:9d:24:47:91 State Library Victoria,2022-06-08,83
TIC 00:b0:9d:24:47:91 State Library Victoria,2022-06-09,82
TIC 00:b0:9d:24:47:91 State Library Victoria,2022-06-10,83
TIC 00:b0:9d:24:47:91 State Library Victoria,2022-06-11,233
TIC 00:b0:9d:24:47:91 State Library Victoria,2022-06-12,256
TIC 00:b0:9d:24:47:99 State Library Victoria,2022-06-06,516
TIC 00:b0:9d:24:47:99 State Library Victoria,2022-06-07,519
TIC 00:b0:9d:24:47:99 State Library Victoria,2022-06-08,590
TIC 00:b0:9d:24:47:99 State Library Victoria,2022-06-09,505
TIC 00:b0:9d:24:47:99 State Library Victoria,2022-06-10,538
TIC 00:b0:9d:24:47:99 State Library Victoria,2022-06-11,622
TIC 00:b0:9d:24:47:99 State Library Victoria,2022-06-12,625
TIC 00:b0:9d:24:47:b0 State Library Victoria,2022-06-06,127
TIC 00:b0:9d:24:47:b0 State Library Victoria,2022-06-07,234
TIC 00:b0:9d:24:47:b0 State Library Victoria,2022-06-08,205
TIC 00:b0:9d:24:47:b0 State Library Victoria,2022-06-09,205
TIC 00:b0:9d:24:47:b0 State Library Victoria,2022-06-10,183
TIC 00:b0:9d:24:47:b0 State Library Victoria,2022-06-11,154
TIC 00:b0:9d:24:47:b0 State Library Victoria,2022-06-12,103
TIC 00:b0:9d:24:47:b1 State Library Victoria,2022-06-06,286
TIC 00:b0:9d:24:47:b1 State Library Victoria,2022-06-07,251
TIC 00:b0:9d:24:47:b1 State Library Victoria,2022-06-08,247
TIC 00:b0:9d:24:47:b1 State Library Victoria,2022-06-09,549
TIC 00:b0:9d:24:47:b1 State Library Victoria,2022-06-10,611
TIC 00:b0:9d:24:47:b1 State Library Victoria,2022-06-11,510
TIC 00:b0:9d:24:47:b1 State Library Victoria,2022-06-12,599
TIC 00:b0:9d:24:47:bc State Library Victoria,2022-06-06,204
TIC 00:b0:9d:24:47:bc State Library Victoria,2022-06-07,489
TIC 00:b0:9d:24:47:bc State Library Victoria,2022-06-08,264
TIC 00:b0:9d:24:47:bc State Library Victoria,2022-06-09,298
TIC 00:b0:9d:24:47:bc State Library Victoria,2022-06-10,238
TIC 00:b0:9d:24:47:bc State Library Victoria,2022-06-11,605
TIC 00:b0:9d:24:47:bc State Library Victoria,2022-06-12,798
TIC 00:b0:9d:24:47:bd State Library Victoria,2022-06-06,533
TIC 00:b0:9d:24:47:bd State Library Victoria,2022-06-07,517
TIC 00:b0:9d:24:47:bd State Library Victoria,2022-06-08,571
TIC 00:b0:9d:24:47:bd State Library Victoria,2022-06-09,680
TIC 00:b0:9d:24:47:bd State Library Victoria,2022-06-10,650
TIC 00:b0:9d:24:47:bd State Library Victoria,2022-06-11,878
TIC 00:b0:9d:24:47:bd State Library Victoria,2022-06-12,919
TIC 00:b0:9d:24:47:c6 State Library Victoria,2022-06-06,862
TIC 00:b0:9d:24:47:c6 State Library Victoria,2022-06-07,976
TIC 00:b0:9d:24:47:c6 State Library Victoria,2022-06-08,930
TIC 00:b0:9d:24:47:c6 State Library Victoria,2022-06-09,927
TIC 00:b0:9d:24:47:c6 State Library Victoria,2022-06-10,915
TIC 00:b0:9d:24:47:c6 State Library Victoria,2022-06-11,1220
TIC 00:b0:9d:24:47:c6 State Library Victoria,2022-06-12,1371
TIC 00:b0:9d:24:47:ec State Library Victoria,2022-06-06,3
TIC 00:b0:9d:24:47:ec State Library Victoria,2022-06-07,31
TIC 00:b0:9d:24:47:ec State Library Victoria,2022-06-08,2
TIC 00:b0:9d:24:47:ec State Library Victoria,2022-06-09,1
TIC 00:b0:9d:24:47:ec State Library Victoria,2022-06-10,1
TIC 00:b0:9d:24:47:ec State Library Victoria,2022-06-11,2
TIC 00:b0:9d:24:47:ec State Library Victoria,2022-06-12,0
TIC 00:b0:9d:25:74:18 State Library Victoria,2022-06-06,54
TIC 00:b0:9d:25:74:18 State Library Victoria,2022-06-07,53
TIC 00:b0:9d:25:74:18 State Library Victoria,2022-06-08,47
TIC 00:b0:9d:25:74:18 State Library Victoria,2022-06-09,92
TIC 00:b0:9d:25:74:18 State Library Victoria,2022-06-10,34
TIC 00:b0:9d:25:74:18 State Library Victoria,2022-06-11,27
TIC 00:b0:9d:25:74:18 State Library Victoria,2022-06-12,14
TIC 00:b0:9d:25:74:19 State Library Victoria,2022-06-06,2
TIC 00:b0:9d:25:74:19 State Library Victoria,2022-06-07,1
TIC 00:b0:9d:25:74:19 State Library Victoria,2022-06-08,0
TIC 00:b0:9d:25:74:19 State Library Victoria,2022-06-09,73
TIC 00:b0:9d:25:74:19 State Library Victoria,2022-06-10,1
TIC 00:b0:9d:25:74:19 State Library Victoria,2022-06-11,0
TIC 00:b0:9d:25:74:19 State Library Victoria,2022-06-12,2
Visitor Entry ( Security) State Library Victoria,2022-06-06,4151
Visitor Entry ( Security) State Library Victoria,2022-06-07,3900
Visitor Entry ( Security) State Library Victoria,2022-06-08,4367
Visitor Entry ( Security) State Library Victoria,2022-06-09,4187
Visitor Entry ( Security) State Library Victoria,2022-06-10,4265
Visitor Entry ( Security) State Library Victoria,2022-06-11,5597
Visitor Entry ( Security) State Library Victoria,2022-06-12,5905
World of the book (Gallery) State Library Victoria,2022-06-06,0
World of the book (Gallery) State Library Victoria,2022-06-07,0
World of the book (Gallery) State Library Victoria,2022-06-08,0
World of the book (Gallery) State Library Victoria,2022-06-09,0
World of the book (Gallery) State Library Victoria,2022-06-10,0
World of the book (Gallery) State Library Victoria,2022-06-11,0
World of the book (Gallery) State Library Victoria,2022-06-12,0
Zone -  Entry 1 + RBRR (E)+ HH State Library Victoria,2022-06-06,3993
Zone -  Entry 1 + RBRR (E)+ HH State Library Victoria,2022-06-07,4006
Zone -  Entry 1 + RBRR (E)+ HH State Library Victoria,2022-06-08,4099
Zone -  Entry 1 + RBRR (E)+ HH State Library Victoria,2022-06-09,4029
Zone -  Entry 1 + RBRR (E)+ HH State Library Victoria,2022-06-10,4112
Zone -  Entry 1 + RBRR (E)+ HH State Library Victoria,2022-06-11,5179
Zone -  Entry 1 + RBRR (E)+ HH State Library Victoria,2022-06-12,5543
Zone - All External Entries to Building Adult State Library Victoria,2022-06-06,4168
Zone - All External Entries to Building Adult State Library Victoria,2022-06-07,4136
Zone - All External Entries to Building Adult State Library Victoria,2022-06-08,4537
Zone - All External Entries to Building Adult State Library Victoria,2022-06-09,4382
Zone - All External Entries to Building Adult State Library Victoria,2022-06-10,4564
Zone - All External Entries to Building Adult State Library Victoria,2022-06-11,5588
Zone - All External Entries to Building Adult State Library Victoria,2022-06-12,5763
Zone - All External Entries to Building All State Library Victoria,2022-06-06,4298
Zone - All External Entries to Building All State Library Victoria,2022-06-07,4359
Zone - All External Entries to Building All State Library Victoria,2022-06-08,4728
Zone - All External Entries to Building All State Library Victoria,2022-06-09,4613
Zone - All External Entries to Building All State Library Victoria,2022-06-10,4777
Zone - All External Entries to Building All State Library Victoria,2022-06-11,5796
Zone - All External Entries to Building All State Library Victoria,2022-06-12,6036
Zone - All External Entries to Building Child State Library Victoria,2022-06-06,130
Zone - All External Entries to Building Child State Library Victoria,2022-06-07,223
Zone - All External Entries to Building Child State Library Victoria,2022-06-08,191
Zone - All External Entries to Building Child State Library Victoria,2022-06-09,231
Zone - All External Entries to Building Child State Library Victoria,2022-06-10,213
Zone - All External Entries to Building Child State Library Victoria,2022-06-11,208
Zone - All External Entries to Building Child State Library Victoria,2022-06-12,273
