name,count_in,count_out,inside,date,time
Defunct,0,0,0,2022-01-03,08:00:00
Defunct,0,0,0,2022-01-03,08:30:00
Defunct,0,10,-10,2022-01-03,09:00:00
Defunct,0,0,-10,2022-01-03,09:30:00
Defunct,0,0,0,2022-01-03,10:00:00
Defunct,0,0,0,2022-01-03,10:30:00
Defunct,0,0,0,2022-01-03,11:00:00
Defunct,0,0,0,2022-01-03,11:30:00
Defunct,0,0,0,2022-01-03,12:00:00
Defunct,0,0,0,2022-01-03,12:30:00
Defunct,0,0,0,2022-01-03,13:00:00
Defunct,0,0,0,2022-01-03,13:30:00
Defunct,0,0,0,2022-01-03,14:00:00
Defunct,0,0,0,2022-01-03,14:30:00
Defunct,0,0,0,2022-01-03,15:00:00
Defunct,0,0,0,2022-01-03,15:30:00
Defunct,0,0,0,2022-01-03,16:00:00
Defunct,0,0,0,2022-01-03,16:30:00
Defunct,0,0,0,2022-01-03,17:00:00
Defunct,0,0,0,2022-01-03,17:30:00
Defunct,0,0,0,2022-01-03,18:00:00
Defunct,0,0,0,2022-01-03,18:30:00
Defunct,0,20,-20,2022-01-03,19:00:00
Defunct,0,0,0,2022-01-03,19:30:00
Dome Gallery L4 Lift exit/entry test,0,0,0,2022-01-03,08:00:00
Dome Gallery L4 Lift exit/entry test,0,0,0,2022-01-03,08:30:00
Dome Gallery L4 Lift exit/entry test,0,0,0,2022-01-03,09:00:00
Dome Gallery L4 Lift exit/entry test,0,0,0,2022-01-03,09:30:00
Dome Gallery L4 Lift exit/entry test,0,0,0,2022-01-03,10:00:00
Dome Gallery L4 Lift exit/entry test,0,0,0,2022-01-03,10:30:00
Dome Gallery L4 Lift exit/entry test,0,0,0,2022-01-03,11:00:00
Dome Gallery L4 Lift exit/entry test,0,0,0,2022-01-03,11:30:00
Dome Gallery L4 Lift exit/entry test,0,0,0,2022-01-03,12:00:00
Dome Gallery L4 Lift exit/entry test,0,0,0,2022-01-03,12:30:00
Dome Gallery L4 Lift exit/entry test,0,0,0,2022-01-03,13:00:00
Dome Gallery L4 Lift exit/entry test,0,0,0,2022-01-03,13:30:00
Dome Gallery L4 Lift exit/entry test,0,0,0,2022-01-03,14:00:00
Dome Gallery L4 Lift exit/entry test,0,0,0,2022-01-03,14:30:00
Dome Gallery L4 Lift exit/entry test,0,0,0,2022-01-03,15:00:00
Dome Gallery L4 Lift exit/entry test,0,0,0,2022-01-03,15:30:00
Dome Gallery L4 Lift exit/entry test,0,0,0,2022-01-03,16:00:00
Dome Gallery L4 Lift exit/entry test,0,0,0,2022-01-03,16:30:00
Dome Gallery L4 Lift exit/entry test,0,0,0,2022-01-03,17:00:00
Dome Gallery L4 Lift exit/entry test,0,0,0,2022-01-03,17:30:00
Dome Gallery L4 Lift exit/entry test,0,0,0,2022-01-03,18:00:00
Dome Gallery L4 Lift exit/entry test,0,0,0,2022-01-03,18:30:00
Dome Gallery L4 Lift exit/entry test,0,0,0,2022-01-03,19:00:00
Dome Gallery L4 Lift exit/entry test,0,0,0,2022-01-03,19:30:00
External Entry - Entry 1 Adult,0,0,0,2022-01-03,08:00:00
External Entry - Entry 1 Adult,0,0,0,2022-01-03,08:30:00
External Entry - Entry 1 Adult,0,1,-1,2022-01-03,09:00:00
External Entry - Entry 1 Adult,0,0,-1,2022-01-03,09:30:00
External Entry - Entry 1 Adult,0,0,0,2022-01-03,10:00:00
External Entry - Entry 1 Adult,0,0,0,2022-01-03,10:30:00
External Entry - Entry 1 Adult,0,0,0,2022-01-03,11:00:00
External Entry - Entry 1 Adult,0,0,0,2022-01-03,11:30:00
External Entry - Entry 1 Adult,0,0,0,2022-01-03,12:00:00
External Entry - Entry 1 Adult,0,0,0,2022-01-03,12:30:00
External Entry - Entry 1 Adult,0,0,0,2022-01-03,13:00:00
External Entry - Entry 1 Adult,0,0,0,2022-01-03,13:30:00
External Entry - Entry 1 Adult,0,0,0,2022-01-03,14:00:00
External Entry - Entry 1 Adult,0,0,0,2022-01-03,14:30:00
External Entry - Entry 1 Adult,0,0,0,2022-01-03,15:00:00
External Entry - Entry 1 Adult,0,0,0,2022-01-03,15:30:00
External Entry - Entry 1 Adult,0,0,0,2022-01-03,16:00:00
External Entry - Entry 1 Adult,0,0,0,2022-01-03,16:30:00
External Entry - Entry 1 Adult,0,0,0,2022-01-03,17:00:00
External Entry - Entry 1 Adult,0,0,0,2022-01-03,17:30:00
External Entry - Entry 1 Adult,0,0,0,2022-01-03,18:00:00
External Entry - Entry 1 Adult,0,0,0,2022-01-03,18:30:00
External Entry - Entry 1 Adult,0,2,-2,2022-01-03,19:00:00
External Entry - Entry 1 Adult,0,0,0,2022-01-03,19:30:00
External Entry - Entry 1 All,0,0,0,2022-01-03,08:00:00
External Entry - Entry 1 All,0,0,0,2022-01-03,08:30:00
External Entry - Entry 1 All,0,1,-1,2022-01-03,09:00:00
External Entry - Entry 1 All,0,0,-1,2022-01-03,09:30:00
External Entry - Entry 1 All,0,0,0,2022-01-03,10:00:00
External Entry - Entry 1 All,0,0,0,2022-01-03,10:30:00
External Entry - Entry 1 All,0,0,0,2022-01-03,11:00:00
External Entry - Entry 1 All,0,0,0,2022-01-03,11:30:00
External Entry - Entry 1 All,0,0,0,2022-01-03,12:00:00
External Entry - Entry 1 All,0,0,0,2022-01-03,12:30:00
External Entry - Entry 1 All,0,0,0,2022-01-03,13:00:00
External Entry - Entry 1 All,0,0,0,2022-01-03,13:30:00
External Entry - Entry 1 All,0,0,0,2022-01-03,14:00:00
External Entry - Entry 1 All,0,0,0,2022-01-03,14:30:00
External Entry - Entry 1 All,0,0,0,2022-01-03,15:00:00
External Entry - Entry 1 All,0,0,0,2022-01-03,15:30:00
External Entry - Entry 1 All,0,0,0,2022-01-03,16:00:00
External Entry - Entry 1 All,0,0,0,2022-01-03,16:30:00
External Entry - Entry 1 All,0,0,0,2022-01-03,17:00:00
External Entry - Entry 1 All,0,0,0,2022-01-03,17:30:00
External Entry - Entry 1 All,0,0,0,2022-01-03,18:00:00
External Entry - Entry 1 All,0,0,0,2022-01-03,18:30:00
External Entry - Entry 1 All,0,2,-2,2022-01-03,19:00:00
External Entry - Entry 1 All,0,0,0,2022-01-03,19:30:00
External Entry - Entry 1 Child,0,0,0,2022-01-03,08:00:00
External Entry - Entry 1 Child,0,0,0,2022-01-03,08:30:00
External Entry - Entry 1 Child,0,0,0,2022-01-03,09:00:00
External Entry - Entry 1 Child,0,0,0,2022-01-03,09:30:00
External Entry - Entry 1 Child,0,0,0,2022-01-03,10:00:00
External Entry - Entry 1 Child,0,0,0,2022-01-03,10:30:00
External Entry - Entry 1 Child,0,0,0,2022-01-03,11:00:00
External Entry - Entry 1 Child,0,0,0,2022-01-03,11:30:00
External Entry - Entry 1 Child,0,0,0,2022-01-03,12:00:00
External Entry - Entry 1 Child,0,0,0,2022-01-03,12:30:00
External Entry - Entry 1 Child,0,0,0,2022-01-03,13:00:00
External Entry - Entry 1 Child,0,0,0,2022-01-03,13:30:00
External Entry - Entry 1 Child,0,0,0,2022-01-03,14:00:00
External Entry - Entry 1 Child,0,0,0,2022-01-03,14:30:00
External Entry - Entry 1 Child,0,0,0,2022-01-03,15:00:00
External Entry - Entry 1 Child,0,0,0,2022-01-03,15:30:00
External Entry - Entry 1 Child,0,0,0,2022-01-03,16:00:00
External Entry - Entry 1 Child,0,0,0,2022-01-03,16:30:00
External Entry - Entry 1 Child,0,0,0,2022-01-03,17:00:00
External Entry - Entry 1 Child,0,0,0,2022-01-03,17:30:00
External Entry - Entry 1 Child,0,0,0,2022-01-03,18:00:00
External Entry - Entry 1 Child,0,0,0,2022-01-03,18:30:00
External Entry - Entry 1 Child,0,0,0,2022-01-03,19:00:00
External Entry - Entry 1 Child,0,0,0,2022-01-03,19:30:00
External Entry - Entry 2 Mr Tulk Adult,0,0,0,2022-01-03,08:00:00
External Entry - Entry 2 Mr Tulk Adult,0,0,0,2022-01-03,08:30:00
External Entry - Entry 2 Mr Tulk Adult,0,0,0,2022-01-03,09:00:00
External Entry - Entry 2 Mr Tulk Adult,0,0,0,2022-01-03,09:30:00
External Entry - Entry 2 Mr Tulk Adult,0,0,0,2022-01-03,10:00:00
External Entry - Entry 2 Mr Tulk Adult,0,0,0,2022-01-03,10:30:00
External Entry - Entry 2 Mr Tulk Adult,0,0,0,2022-01-03,11:00:00
External Entry - Entry 2 Mr Tulk Adult,0,0,0,2022-01-03,11:30:00
External Entry - Entry 2 Mr Tulk Adult,0,0,0,2022-01-03,12:00:00
External Entry - Entry 2 Mr Tulk Adult,0,0,0,2022-01-03,12:30:00
External Entry - Entry 2 Mr Tulk Adult,0,0,0,2022-01-03,13:00:00
External Entry - Entry 2 Mr Tulk Adult,0,0,0,2022-01-03,13:30:00
External Entry - Entry 2 Mr Tulk Adult,0,0,0,2022-01-03,14:00:00
External Entry - Entry 2 Mr Tulk Adult,0,0,0,2022-01-03,14:30:00
External Entry - Entry 2 Mr Tulk Adult,0,0,0,2022-01-03,15:00:00
External Entry - Entry 2 Mr Tulk Adult,0,0,0,2022-01-03,15:30:00
External Entry - Entry 2 Mr Tulk Adult,0,0,0,2022-01-03,16:00:00
External Entry - Entry 2 Mr Tulk Adult,0,0,0,2022-01-03,16:30:00
External Entry - Entry 2 Mr Tulk Adult,0,0,0,2022-01-03,17:00:00
External Entry - Entry 2 Mr Tulk Adult,0,0,0,2022-01-03,17:30:00
External Entry - Entry 2 Mr Tulk Adult,0,0,0,2022-01-03,18:00:00
External Entry - Entry 2 Mr Tulk Adult,0,0,0,2022-01-03,18:30:00
External Entry - Entry 2 Mr Tulk Adult,0,0,0,2022-01-03,19:00:00
External Entry - Entry 2 Mr Tulk Adult,0,0,0,2022-01-03,19:30:00
External Entry - Entry 2 Mr Tulk All,0,0,0,2022-01-03,08:00:00
External Entry - Entry 2 Mr Tulk All,0,0,0,2022-01-03,08:30:00
External Entry - Entry 2 Mr Tulk All,0,0,0,2022-01-03,09:00:00
External Entry - Entry 2 Mr Tulk All,0,0,0,2022-01-03,09:30:00
External Entry - Entry 2 Mr Tulk All,0,0,0,2022-01-03,10:00:00
External Entry - Entry 2 Mr Tulk All,0,0,0,2022-01-03,10:30:00
External Entry - Entry 2 Mr Tulk All,0,0,0,2022-01-03,11:00:00
External Entry - Entry 2 Mr Tulk All,0,0,0,2022-01-03,11:30:00
External Entry - Entry 2 Mr Tulk All,0,0,0,2022-01-03,12:00:00
External Entry - Entry 2 Mr Tulk All,0,0,0,2022-01-03,12:30:00
External Entry - Entry 2 Mr Tulk All,0,0,0,2022-01-03,13:00:00
External Entry - Entry 2 Mr Tulk All,0,0,0,2022-01-03,13:30:00
External Entry - Entry 2 Mr Tulk All,0,0,0,2022-01-03,14:00:00
External Entry - Entry 2 Mr Tulk All,0,0,0,2022-01-03,14:30:00
External Entry - Entry 2 Mr Tulk All,0,0,0,2022-01-03,15:00:00
External Entry - Entry 2 Mr Tulk All,0,0,0,2022-01-03,15:30:00
External Entry - Entry 2 Mr Tulk All,0,0,0,2022-01-03,16:00:00
External Entry - Entry 2 Mr Tulk All,0,0,0,2022-01-03,16:30:00
External Entry - Entry 2 Mr Tulk All,0,0,0,2022-01-03,17:00:00
External Entry - Entry 2 Mr Tulk All,0,0,0,2022-01-03,17:30:00
External Entry - Entry 2 Mr Tulk All,0,0,0,2022-01-03,18:00:00
External Entry - Entry 2 Mr Tulk All,0,0,0,2022-01-03,18:30:00
External Entry - Entry 2 Mr Tulk All,0,0,0,2022-01-03,19:00:00
External Entry - Entry 2 Mr Tulk All,0,0,0,2022-01-03,19:30:00
External Entry - Entry 2 Mr Tulk All MATH ZONE,0,0,0,2022-01-03,08:00:00
External Entry - Entry 2 Mr Tulk All MATH ZONE,0,0,0,2022-01-03,08:30:00
External Entry - Entry 2 Mr Tulk All MATH ZONE,0,0,0,2022-01-03,09:00:00
External Entry - Entry 2 Mr Tulk All MATH ZONE,0,0,0,2022-01-03,09:30:00
External Entry - Entry 2 Mr Tulk All MATH ZONE,0,0,0,2022-01-03,10:00:00
External Entry - Entry 2 Mr Tulk All MATH ZONE,0,0,0,2022-01-03,10:30:00
External Entry - Entry 2 Mr Tulk All MATH ZONE,0,0,0,2022-01-03,11:00:00
External Entry - Entry 2 Mr Tulk All MATH ZONE,0,0,0,2022-01-03,11:30:00
External Entry - Entry 2 Mr Tulk All MATH ZONE,0,0,0,2022-01-03,12:00:00
External Entry - Entry 2 Mr Tulk All MATH ZONE,0,0,0,2022-01-03,12:30:00
External Entry - Entry 2 Mr Tulk All MATH ZONE,0,0,0,2022-01-03,13:00:00
External Entry - Entry 2 Mr Tulk All MATH ZONE,0,0,0,2022-01-03,13:30:00
External Entry - Entry 2 Mr Tulk All MATH ZONE,0,0,0,2022-01-03,14:00:00
External Entry - Entry 2 Mr Tulk All MATH ZONE,0,0,0,2022-01-03,14:30:00
External Entry - Entry 2 Mr Tulk All MATH ZONE,0,0,0,2022-01-03,15:00:00
External Entry - Entry 2 Mr Tulk All MATH ZONE,0,0,0,2022-01-03,15:30:00
External Entry - Entry 2 Mr Tulk All MATH ZONE,0,0,0,2022-01-03,16:00:00
External Entry - Entry 2 Mr Tulk All MATH ZONE,0,0,0,2022-01-03,16:30:00
External Entry - Entry 2 Mr Tulk All MATH ZONE,0,0,0,2022-01-03,17:00:00
External Entry - Entry 2 Mr Tulk All MATH ZONE,0,0,0,2022-01-03,17:30:00
External Entry - Entry 2 Mr Tulk All MATH ZONE,0,0,0,2022-01-03,18:00:00
External Entry - Entry 2 Mr Tulk All MATH ZONE,0,0,0,2022-01-03,18:30:00
External Entry - Entry 2 Mr Tulk All MATH ZONE,0,0,0,2022-01-03,19:00:00
External Entry - Entry 2 Mr Tulk All MATH ZONE,0,0,0,2022-01-03,19:30:00
External Entry - Entry 2 Mr Tulk Child,0,0,0,2022-01-03,08:00:00
External Entry - Entry 2 Mr Tulk Child,0,0,0,2022-01-03,08:30:00
External Entry - Entry 2 Mr Tulk Child,0,0,0,2022-01-03,09:00:00
External Entry - Entry 2 Mr Tulk Child,0,0,0,2022-01-03,09:30:00
External Entry - Entry 2 Mr Tulk Child,0,0,0,2022-01-03,10:00:00
External Entry - Entry 2 Mr Tulk Child,0,0,0,2022-01-03,10:30:00
External Entry - Entry 2 Mr Tulk Child,0,0,0,2022-01-03,11:00:00
External Entry - Entry 2 Mr Tulk Child,0,0,0,2022-01-03,11:30:00
External Entry - Entry 2 Mr Tulk Child,0,0,0,2022-01-03,12:00:00
External Entry - Entry 2 Mr Tulk Child,0,0,0,2022-01-03,12:30:00
External Entry - Entry 2 Mr Tulk Child,0,0,0,2022-01-03,13:00:00
External Entry - Entry 2 Mr Tulk Child,0,0,0,2022-01-03,13:30:00
External Entry - Entry 2 Mr Tulk Child,0,0,0,2022-01-03,14:00:00
External Entry - Entry 2 Mr Tulk Child,0,0,0,2022-01-03,14:30:00
External Entry - Entry 2 Mr Tulk Child,0,0,0,2022-01-03,15:00:00
External Entry - Entry 2 Mr Tulk Child,0,0,0,2022-01-03,15:30:00
External Entry - Entry 2 Mr Tulk Child,0,0,0,2022-01-03,16:00:00
External Entry - Entry 2 Mr Tulk Child,0,0,0,2022-01-03,16:30:00
External Entry - Entry 2 Mr Tulk Child,0,0,0,2022-01-03,17:00:00
External Entry - Entry 2 Mr Tulk Child,0,0,0,2022-01-03,17:30:00
External Entry - Entry 2 Mr Tulk Child,0,0,0,2022-01-03,18:00:00
External Entry - Entry 2 Mr Tulk Child,0,0,0,2022-01-03,18:30:00
External Entry - Entry 2 Mr Tulk Child,0,0,0,2022-01-03,19:00:00
External Entry - Entry 2 Mr Tulk Child,0,0,0,2022-01-03,19:30:00
External Entry - Entry 3 Adult,0,0,0,2022-01-03,08:00:00
External Entry - Entry 3 Adult,0,0,0,2022-01-03,08:30:00
External Entry - Entry 3 Adult,0,0,0,2022-01-03,09:00:00
External Entry - Entry 3 Adult,1,2,-1,2022-01-03,09:30:00
External Entry - Entry 3 Adult,0,1,-1,2022-01-03,10:00:00
External Entry - Entry 3 Adult,0,0,0,2022-01-03,10:30:00
External Entry - Entry 3 Adult,0,0,0,2022-01-03,11:00:00
External Entry - Entry 3 Adult,0,0,0,2022-01-03,11:30:00
External Entry - Entry 3 Adult,0,0,0,2022-01-03,12:00:00
External Entry - Entry 3 Adult,0,0,0,2022-01-03,12:30:00
External Entry - Entry 3 Adult,0,0,0,2022-01-03,13:00:00
External Entry - Entry 3 Adult,1,0,1,2022-01-03,13:30:00
External Entry - Entry 3 Adult,1,2,-1,2022-01-03,14:00:00
External Entry - Entry 3 Adult,0,0,0,2022-01-03,14:30:00
External Entry - Entry 3 Adult,1,0,1,2022-01-03,15:00:00
External Entry - Entry 3 Adult,0,0,0,2022-01-03,15:30:00
External Entry - Entry 3 Adult,0,1,-1,2022-01-03,16:00:00
External Entry - Entry 3 Adult,0,0,0,2022-01-03,16:30:00
External Entry - Entry 3 Adult,1,1,0,2022-01-03,17:00:00
External Entry - Entry 3 Adult,2,2,0,2022-01-03,17:30:00
External Entry - Entry 3 Adult,1,0,1,2022-01-03,18:00:00
External Entry - Entry 3 Adult,2,0,2,2022-01-03,18:30:00
External Entry - Entry 3 Adult,1,1,0,2022-01-03,19:00:00
External Entry - Entry 3 Adult,1,1,0,2022-01-03,19:30:00
External Entry - Entry 3 All,0,0,0,2022-01-03,08:00:00
External Entry - Entry 3 All,0,0,0,2022-01-03,08:30:00
External Entry - Entry 3 All,0,0,0,2022-01-03,09:00:00
External Entry - Entry 3 All,2,2,0,2022-01-03,09:30:00
External Entry - Entry 3 All,0,1,-1,2022-01-03,10:00:00
External Entry - Entry 3 All,0,0,0,2022-01-03,10:30:00
External Entry - Entry 3 All,0,0,0,2022-01-03,11:00:00
External Entry - Entry 3 All,0,0,0,2022-01-03,11:30:00
External Entry - Entry 3 All,0,0,0,2022-01-03,12:00:00
External Entry - Entry 3 All,0,0,0,2022-01-03,12:30:00
External Entry - Entry 3 All,0,0,0,2022-01-03,13:00:00
External Entry - Entry 3 All,1,0,1,2022-01-03,13:30:00
External Entry - Entry 3 All,1,2,-1,2022-01-03,14:00:00
External Entry - Entry 3 All,0,0,0,2022-01-03,14:30:00
External Entry - Entry 3 All,1,0,1,2022-01-03,15:00:00
External Entry - Entry 3 All,0,0,0,2022-01-03,15:30:00
External Entry - Entry 3 All,0,1,-1,2022-01-03,16:00:00
External Entry - Entry 3 All,0,0,0,2022-01-03,16:30:00
External Entry - Entry 3 All,1,1,0,2022-01-03,17:00:00
External Entry - Entry 3 All,2,2,0,2022-01-03,17:30:00
External Entry - Entry 3 All,1,0,1,2022-01-03,18:00:00
External Entry - Entry 3 All,2,0,2,2022-01-03,18:30:00
External Entry - Entry 3 All,1,1,0,2022-01-03,19:00:00
External Entry - Entry 3 All,1,1,0,2022-01-03,19:30:00
External Entry - Entry 3 Child,0,0,0,2022-01-03,08:00:00
External Entry - Entry 3 Child,0,0,0,2022-01-03,08:30:00
External Entry - Entry 3 Child,0,0,0,2022-01-03,09:00:00
External Entry - Entry 3 Child,1,0,1,2022-01-03,09:30:00
External Entry - Entry 3 Child,0,0,0,2022-01-03,10:00:00
External Entry - Entry 3 Child,0,0,0,2022-01-03,10:30:00
External Entry - Entry 3 Child,0,0,0,2022-01-03,11:00:00
External Entry - Entry 3 Child,0,0,0,2022-01-03,11:30:00
External Entry - Entry 3 Child,0,0,0,2022-01-03,12:00:00
External Entry - Entry 3 Child,0,0,0,2022-01-03,12:30:00
External Entry - Entry 3 Child,0,0,0,2022-01-03,13:00:00
External Entry - Entry 3 Child,0,0,0,2022-01-03,13:30:00
External Entry - Entry 3 Child,0,0,0,2022-01-03,14:00:00
External Entry - Entry 3 Child,0,0,0,2022-01-03,14:30:00
External Entry - Entry 3 Child,0,0,0,2022-01-03,15:00:00
External Entry - Entry 3 Child,0,0,0,2022-01-03,15:30:00
External Entry - Entry 3 Child,0,0,0,2022-01-03,16:00:00
External Entry - Entry 3 Child,0,0,0,2022-01-03,16:30:00
External Entry - Entry 3 Child,0,0,0,2022-01-03,17:00:00
External Entry - Entry 3 Child,0,0,0,2022-01-03,17:30:00
External Entry - Entry 3 Child,0,0,0,2022-01-03,18:00:00
External Entry - Entry 3 Child,0,0,0,2022-01-03,18:30:00
External Entry - Entry 3 Child,0,0,0,2022-01-03,19:00:00
External Entry - Entry 3 Child,0,0,0,2022-01-03,19:30:00
External Entry - Entry 5 Adult,0,1,-1,2022-01-03,08:00:00
External Entry - Entry 5 Adult,0,0,-1,2022-01-03,08:30:00
External Entry - Entry 5 Adult,0,0,-1,2022-01-03,09:00:00
External Entry - Entry 5 Adult,0,0,-1,2022-01-03,09:30:00
External Entry - Entry 5 Adult,0,0,0,2022-01-03,10:00:00
External Entry - Entry 5 Adult,0,0,0,2022-01-03,10:30:00
External Entry - Entry 5 Adult,0,0,0,2022-01-03,11:00:00
External Entry - Entry 5 Adult,0,0,0,2022-01-03,11:30:00
External Entry - Entry 5 Adult,0,0,0,2022-01-03,12:00:00
External Entry - Entry 5 Adult,0,0,0,2022-01-03,12:30:00
External Entry - Entry 5 Adult,0,0,0,2022-01-03,13:00:00
External Entry - Entry 5 Adult,0,0,0,2022-01-03,13:30:00
External Entry - Entry 5 Adult,0,0,0,2022-01-03,14:00:00
External Entry - Entry 5 Adult,0,0,0,2022-01-03,14:30:00
External Entry - Entry 5 Adult,0,0,0,2022-01-03,15:00:00
External Entry - Entry 5 Adult,0,0,0,2022-01-03,15:30:00
External Entry - Entry 5 Adult,0,0,0,2022-01-03,16:00:00
External Entry - Entry 5 Adult,0,0,0,2022-01-03,16:30:00
External Entry - Entry 5 Adult,0,0,0,2022-01-03,17:00:00
External Entry - Entry 5 Adult,0,0,0,2022-01-03,17:30:00
External Entry - Entry 5 Adult,0,0,0,2022-01-03,18:00:00
External Entry - Entry 5 Adult,0,0,0,2022-01-03,18:30:00
External Entry - Entry 5 Adult,0,0,0,2022-01-03,19:00:00
External Entry - Entry 5 Adult,0,0,0,2022-01-03,19:30:00
External Entry - Entry 5 All,0,1,-1,2022-01-03,08:00:00
External Entry - Entry 5 All,0,0,-1,2022-01-03,08:30:00
External Entry - Entry 5 All,0,0,-1,2022-01-03,09:00:00
External Entry - Entry 5 All,0,0,-1,2022-01-03,09:30:00
External Entry - Entry 5 All,0,0,0,2022-01-03,10:00:00
External Entry - Entry 5 All,0,0,0,2022-01-03,10:30:00
External Entry - Entry 5 All,0,0,0,2022-01-03,11:00:00
External Entry - Entry 5 All,0,0,0,2022-01-03,11:30:00
External Entry - Entry 5 All,0,0,0,2022-01-03,12:00:00
External Entry - Entry 5 All,0,0,0,2022-01-03,12:30:00
External Entry - Entry 5 All,0,0,0,2022-01-03,13:00:00
External Entry - Entry 5 All,0,0,0,2022-01-03,13:30:00
External Entry - Entry 5 All,0,0,0,2022-01-03,14:00:00
External Entry - Entry 5 All,0,0,0,2022-01-03,14:30:00
External Entry - Entry 5 All,0,0,0,2022-01-03,15:00:00
External Entry - Entry 5 All,0,0,0,2022-01-03,15:30:00
External Entry - Entry 5 All,0,0,0,2022-01-03,16:00:00
External Entry - Entry 5 All,0,0,0,2022-01-03,16:30:00
External Entry - Entry 5 All,0,0,0,2022-01-03,17:00:00
External Entry - Entry 5 All,0,0,0,2022-01-03,17:30:00
External Entry - Entry 5 All,0,0,0,2022-01-03,18:00:00
External Entry - Entry 5 All,0,0,0,2022-01-03,18:30:00
External Entry - Entry 5 All,0,0,0,2022-01-03,19:00:00
External Entry - Entry 5 All,0,0,0,2022-01-03,19:30:00
External Entry - Entry 5 Child,0,0,0,2022-01-03,08:00:00
External Entry - Entry 5 Child,0,0,0,2022-01-03,08:30:00
External Entry - Entry 5 Child,0,0,0,2022-01-03,09:00:00
External Entry - Entry 5 Child,0,0,0,2022-01-03,09:30:00
External Entry - Entry 5 Child,0,0,0,2022-01-03,10:00:00
External Entry - Entry 5 Child,0,0,0,2022-01-03,10:30:00
External Entry - Entry 5 Child,0,0,0,2022-01-03,11:00:00
External Entry - Entry 5 Child,0,0,0,2022-01-03,11:30:00
External Entry - Entry 5 Child,0,0,0,2022-01-03,12:00:00
External Entry - Entry 5 Child,0,0,0,2022-01-03,12:30:00
External Entry - Entry 5 Child,0,0,0,2022-01-03,13:00:00
External Entry - Entry 5 Child,0,0,0,2022-01-03,13:30:00
External Entry - Entry 5 Child,0,0,0,2022-01-03,14:00:00
External Entry - Entry 5 Child,0,0,0,2022-01-03,14:30:00
External Entry - Entry 5 Child,0,0,0,2022-01-03,15:00:00
External Entry - Entry 5 Child,0,0,0,2022-01-03,15:30:00
External Entry - Entry 5 Child,0,0,0,2022-01-03,16:00:00
External Entry - Entry 5 Child,0,0,0,2022-01-03,16:30:00
External Entry - Entry 5 Child,0,0,0,2022-01-03,17:00:00
External Entry - Entry 5 Child,0,0,0,2022-01-03,17:30:00
External Entry - Entry 5 Child,0,0,0,2022-01-03,18:00:00
External Entry - Entry 5 Child,0,0,0,2022-01-03,18:30:00
External Entry - Entry 5 Child,0,0,0,2022-01-03,19:00:00
External Entry - Entry 5 Child,0,0,0,2022-01-03,19:30:00
External Entry - Entry 6 Adult,0,0,0,2022-01-03,08:00:00
External Entry - Entry 6 Adult,0,0,0,2022-01-03,08:30:00
External Entry - Entry 6 Adult,0,0,0,2022-01-03,09:00:00
External Entry - Entry 6 Adult,0,0,0,2022-01-03,09:30:00
External Entry - Entry 6 Adult,0,0,0,2022-01-03,10:00:00
External Entry - Entry 6 Adult,1,0,1,2022-01-03,10:30:00
External Entry - Entry 6 Adult,0,0,0,2022-01-03,11:00:00
External Entry - Entry 6 Adult,0,0,0,2022-01-03,11:30:00
External Entry - Entry 6 Adult,0,0,0,2022-01-03,12:00:00
External Entry - Entry 6 Adult,0,0,0,2022-01-03,12:30:00
External Entry - Entry 6 Adult,0,0,0,2022-01-03,13:00:00
External Entry - Entry 6 Adult,0,0,0,2022-01-03,13:30:00
External Entry - Entry 6 Adult,0,0,0,2022-01-03,14:00:00
External Entry - Entry 6 Adult,0,0,0,2022-01-03,14:30:00
External Entry - Entry 6 Adult,0,0,0,2022-01-03,15:00:00
External Entry - Entry 6 Adult,0,0,0,2022-01-03,15:30:00
External Entry - Entry 6 Adult,0,0,0,2022-01-03,16:00:00
External Entry - Entry 6 Adult,0,0,0,2022-01-03,16:30:00
External Entry - Entry 6 Adult,0,0,0,2022-01-03,17:00:00
External Entry - Entry 6 Adult,0,0,0,2022-01-03,17:30:00
External Entry - Entry 6 Adult,0,0,0,2022-01-03,18:00:00
External Entry - Entry 6 Adult,0,0,0,2022-01-03,18:30:00
External Entry - Entry 6 Adult,0,0,0,2022-01-03,19:00:00
External Entry - Entry 6 Adult,0,0,0,2022-01-03,19:30:00
External Entry - Entry 6 All,0,0,0,2022-01-03,08:00:00
External Entry - Entry 6 All,0,0,0,2022-01-03,08:30:00
External Entry - Entry 6 All,0,0,0,2022-01-03,09:00:00
External Entry - Entry 6 All,0,0,0,2022-01-03,09:30:00
External Entry - Entry 6 All,0,0,0,2022-01-03,10:00:00
External Entry - Entry 6 All,1,0,1,2022-01-03,10:30:00
External Entry - Entry 6 All,0,0,0,2022-01-03,11:00:00
External Entry - Entry 6 All,0,0,0,2022-01-03,11:30:00
External Entry - Entry 6 All,0,0,0,2022-01-03,12:00:00
External Entry - Entry 6 All,0,0,0,2022-01-03,12:30:00
External Entry - Entry 6 All,0,0,0,2022-01-03,13:00:00
External Entry - Entry 6 All,0,0,0,2022-01-03,13:30:00
External Entry - Entry 6 All,0,0,0,2022-01-03,14:00:00
External Entry - Entry 6 All,0,0,0,2022-01-03,14:30:00
External Entry - Entry 6 All,0,0,0,2022-01-03,15:00:00
External Entry - Entry 6 All,0,0,0,2022-01-03,15:30:00
External Entry - Entry 6 All,0,0,0,2022-01-03,16:00:00
External Entry - Entry 6 All,0,0,0,2022-01-03,16:30:00
External Entry - Entry 6 All,0,0,0,2022-01-03,17:00:00
External Entry - Entry 6 All,0,0,0,2022-01-03,17:30:00
External Entry - Entry 6 All,0,0,0,2022-01-03,18:00:00
External Entry - Entry 6 All,0,0,0,2022-01-03,18:30:00
External Entry - Entry 6 All,0,0,0,2022-01-03,19:00:00
External Entry - Entry 6 All,0,0,0,2022-01-03,19:30:00
External Entry - Entry 6 Child,0,0,0,2022-01-03,08:00:00
External Entry - Entry 6 Child,0,0,0,2022-01-03,08:30:00
External Entry - Entry 6 Child,0,0,0,2022-01-03,09:00:00
External Entry - Entry 6 Child,0,0,0,2022-01-03,09:30:00
External Entry - Entry 6 Child,0,0,0,2022-01-03,10:00:00
External Entry - Entry 6 Child,0,0,0,2022-01-03,10:30:00
External Entry - Entry 6 Child,0,0,0,2022-01-03,11:00:00
External Entry - Entry 6 Child,0,0,0,2022-01-03,11:30:00
External Entry - Entry 6 Child,0,0,0,2022-01-03,12:00:00
External Entry - Entry 6 Child,0,0,0,2022-01-03,12:30:00
External Entry - Entry 6 Child,0,0,0,2022-01-03,13:00:00
External Entry - Entry 6 Child,0,0,0,2022-01-03,13:30:00
External Entry - Entry 6 Child,0,0,0,2022-01-03,14:00:00
External Entry - Entry 6 Child,0,0,0,2022-01-03,14:30:00
External Entry - Entry 6 Child,0,0,0,2022-01-03,15:00:00
External Entry - Entry 6 Child,0,0,0,2022-01-03,15:30:00
External Entry - Entry 6 Child,0,0,0,2022-01-03,16:00:00
External Entry - Entry 6 Child,0,0,0,2022-01-03,16:30:00
External Entry - Entry 6 Child,0,0,0,2022-01-03,17:00:00
External Entry - Entry 6 Child,0,0,0,2022-01-03,17:30:00
External Entry - Entry 6 Child,0,0,0,2022-01-03,18:00:00
External Entry - Entry 6 Child,0,0,0,2022-01-03,18:30:00
External Entry - Entry 6 Child,0,0,0,2022-01-03,19:00:00
External Entry - Entry 6 Child,0,0,0,2022-01-03,19:30:00
Handmade Universe attendance ( N Rotunda & VG),5,4,1,2022-01-03,08:00:00
Handmade Universe attendance ( N Rotunda & VG),0,0,1,2022-01-03,08:30:00
Handmade Universe attendance ( N Rotunda & VG),0,0,1,2022-01-03,09:00:00
Handmade Universe attendance ( N Rotunda & VG),0,0,1,2022-01-03,09:30:00
Handmade Universe attendance ( N Rotunda & VG),0,0,0,2022-01-03,10:00:00
Handmade Universe attendance ( N Rotunda & VG),0,1,-1,2022-01-03,10:30:00
Handmade Universe attendance ( N Rotunda & VG),0,0,0,2022-01-03,11:00:00
Handmade Universe attendance ( N Rotunda & VG),0,0,0,2022-01-03,11:30:00
Handmade Universe attendance ( N Rotunda & VG),0,0,0,2022-01-03,12:00:00
Handmade Universe attendance ( N Rotunda & VG),0,0,0,2022-01-03,12:30:00
Handmade Universe attendance ( N Rotunda & VG),0,0,0,2022-01-03,13:00:00
Handmade Universe attendance ( N Rotunda & VG),0,0,0,2022-01-03,13:30:00
Handmade Universe attendance ( N Rotunda & VG),0,0,0,2022-01-03,14:00:00
Handmade Universe attendance ( N Rotunda & VG),0,0,0,2022-01-03,14:30:00
Handmade Universe attendance ( N Rotunda & VG),0,0,0,2022-01-03,15:00:00
Handmade Universe attendance ( N Rotunda & VG),0,0,0,2022-01-03,15:30:00
Handmade Universe attendance ( N Rotunda & VG),0,0,0,2022-01-03,16:00:00
Handmade Universe attendance ( N Rotunda & VG),0,0,0,2022-01-03,16:30:00
Handmade Universe attendance ( N Rotunda & VG),0,0,0,2022-01-03,17:00:00
Handmade Universe attendance ( N Rotunda & VG),0,0,0,2022-01-03,17:30:00
Handmade Universe attendance ( N Rotunda & VG),0,0,0,2022-01-03,18:00:00
Handmade Universe attendance ( N Rotunda & VG),0,0,0,2022-01-03,18:30:00
Handmade Universe attendance ( N Rotunda & VG),0,0,0,2022-01-03,19:00:00
Handmade Universe attendance ( N Rotunda & VG),1,1,0,2022-01-03,19:30:00
L4 Dome Gallery Lift TEST,0,0,0,2022-01-03,08:00:00
L4 Dome Gallery Lift TEST,0,0,0,2022-01-03,08:30:00
L4 Dome Gallery Lift TEST,0,0,0,2022-01-03,09:00:00
L4 Dome Gallery Lift TEST,0,0,0,2022-01-03,09:30:00
L4 Dome Gallery Lift TEST,0,0,0,2022-01-03,10:00:00
L4 Dome Gallery Lift TEST,0,0,0,2022-01-03,10:30:00
L4 Dome Gallery Lift TEST,0,0,0,2022-01-03,11:00:00
L4 Dome Gallery Lift TEST,0,0,0,2022-01-03,11:30:00
L4 Dome Gallery Lift TEST,0,0,0,2022-01-03,12:00:00
L4 Dome Gallery Lift TEST,0,0,0,2022-01-03,12:30:00
L4 Dome Gallery Lift TEST,0,0,0,2022-01-03,13:00:00
L4 Dome Gallery Lift TEST,0,0,0,2022-01-03,13:30:00
L4 Dome Gallery Lift TEST,0,0,0,2022-01-03,14:00:00
L4 Dome Gallery Lift TEST,0,0,0,2022-01-03,14:30:00
L4 Dome Gallery Lift TEST,0,0,0,2022-01-03,15:00:00
L4 Dome Gallery Lift TEST,0,0,0,2022-01-03,15:30:00
L4 Dome Gallery Lift TEST,0,0,0,2022-01-03,16:00:00
L4 Dome Gallery Lift TEST,0,0,0,2022-01-03,16:30:00
L4 Dome Gallery Lift TEST,0,0,0,2022-01-03,17:00:00
L4 Dome Gallery Lift TEST,0,0,0,2022-01-03,17:30:00
L4 Dome Gallery Lift TEST,0,0,0,2022-01-03,18:00:00
L4 Dome Gallery Lift TEST,0,0,0,2022-01-03,18:30:00
L4 Dome Gallery Lift TEST,0,0,0,2022-01-03,19:00:00
L4 Dome Gallery Lift TEST,0,0,0,2022-01-03,19:30:00
L4 Dome Gallery OLD,0,0,0,2022-01-03,08:00:00
L4 Dome Gallery OLD,0,0,0,2022-01-03,08:30:00
L4 Dome Gallery OLD,0,0,0,2022-01-03,09:00:00
L4 Dome Gallery OLD,0,0,0,2022-01-03,09:30:00
L4 Dome Gallery OLD,0,0,0,2022-01-03,10:00:00
L4 Dome Gallery OLD,0,0,0,2022-01-03,10:30:00
L4 Dome Gallery OLD,0,0,0,2022-01-03,11:00:00
L4 Dome Gallery OLD,0,0,0,2022-01-03,11:30:00
L4 Dome Gallery OLD,0,0,0,2022-01-03,12:00:00
L4 Dome Gallery OLD,0,0,0,2022-01-03,12:30:00
L4 Dome Gallery OLD,0,0,0,2022-01-03,13:00:00
L4 Dome Gallery OLD,0,0,0,2022-01-03,13:30:00
L4 Dome Gallery OLD,0,0,0,2022-01-03,14:00:00
L4 Dome Gallery OLD,0,0,0,2022-01-03,14:30:00
L4 Dome Gallery OLD,0,0,0,2022-01-03,15:00:00
L4 Dome Gallery OLD,0,0,0,2022-01-03,15:30:00
L4 Dome Gallery OLD,0,0,0,2022-01-03,16:00:00
L4 Dome Gallery OLD,0,0,0,2022-01-03,16:30:00
L4 Dome Gallery OLD,0,0,0,2022-01-03,17:00:00
L4 Dome Gallery OLD,0,0,0,2022-01-03,17:30:00
L4 Dome Gallery OLD,0,0,0,2022-01-03,18:00:00
L4 Dome Gallery OLD,0,0,0,2022-01-03,18:30:00
L4 Dome Gallery OLD,0,0,0,2022-01-03,19:00:00
L4 Dome Gallery OLD,0,0,0,2022-01-03,19:30:00
L5 Dome Gallery,0,0,0,2022-01-03,08:00:00
L5 Dome Gallery,0,0,0,2022-01-03,08:30:00
L5 Dome Gallery,0,0,0,2022-01-03,09:00:00
L5 Dome Gallery,0,0,0,2022-01-03,09:30:00
L5 Dome Gallery,0,0,0,2022-01-03,10:00:00
L5 Dome Gallery,0,0,0,2022-01-03,10:30:00
L5 Dome Gallery,0,0,0,2022-01-03,11:00:00
L5 Dome Gallery,0,0,0,2022-01-03,11:30:00
L5 Dome Gallery,0,0,0,2022-01-03,12:00:00
L5 Dome Gallery,0,0,0,2022-01-03,12:30:00
L5 Dome Gallery,0,0,0,2022-01-03,13:00:00
L5 Dome Gallery,0,0,0,2022-01-03,13:30:00
L5 Dome Gallery,0,0,0,2022-01-03,14:00:00
L5 Dome Gallery,0,0,0,2022-01-03,14:30:00
L5 Dome Gallery,0,0,0,2022-01-03,15:00:00
L5 Dome Gallery,0,0,0,2022-01-03,15:30:00
L5 Dome Gallery,0,0,0,2022-01-03,16:00:00
L5 Dome Gallery,0,0,0,2022-01-03,16:30:00
L5 Dome Gallery,0,0,0,2022-01-03,17:00:00
L5 Dome Gallery,0,0,0,2022-01-03,17:30:00
L5 Dome Gallery,0,0,0,2022-01-03,18:00:00
L5 Dome Gallery,0,0,0,2022-01-03,18:30:00
L5 Dome Gallery,0,0,0,2022-01-03,19:00:00
L5 Dome Gallery,0,0,0,2022-01-03,19:30:00
L5 Dome Gallery Void Test,0,0,0,2022-01-03,08:00:00
L5 Dome Gallery Void Test,0,0,0,2022-01-03,08:30:00
L5 Dome Gallery Void Test,0,0,0,2022-01-03,09:00:00
L5 Dome Gallery Void Test,0,0,0,2022-01-03,09:30:00
L5 Dome Gallery Void Test,0,0,0,2022-01-03,10:00:00
L5 Dome Gallery Void Test,0,0,0,2022-01-03,10:30:00
L5 Dome Gallery Void Test,0,0,0,2022-01-03,11:00:00
L5 Dome Gallery Void Test,0,0,0,2022-01-03,11:30:00
L5 Dome Gallery Void Test,0,0,0,2022-01-03,12:00:00
L5 Dome Gallery Void Test,0,0,0,2022-01-03,12:30:00
L5 Dome Gallery Void Test,0,0,0,2022-01-03,13:00:00
L5 Dome Gallery Void Test,0,0,0,2022-01-03,13:30:00
L5 Dome Gallery Void Test,0,0,0,2022-01-03,14:00:00
L5 Dome Gallery Void Test,0,0,0,2022-01-03,14:30:00
L5 Dome Gallery Void Test,0,0,0,2022-01-03,15:00:00
L5 Dome Gallery Void Test,0,0,0,2022-01-03,15:30:00
L5 Dome Gallery Void Test,0,0,0,2022-01-03,16:00:00
L5 Dome Gallery Void Test,0,0,0,2022-01-03,16:30:00
L5 Dome Gallery Void Test,0,0,0,2022-01-03,17:00:00
L5 Dome Gallery Void Test,0,0,0,2022-01-03,17:30:00
L5 Dome Gallery Void Test,0,0,0,2022-01-03,18:00:00
L5 Dome Gallery Void Test,0,0,0,2022-01-03,18:30:00
L5 Dome Gallery Void Test,0,0,0,2022-01-03,19:00:00
L5 Dome Gallery Void Test,0,0,0,2022-01-03,19:30:00
Lift 3 test,0,0,0,2022-01-03,08:00:00
Lift 3 test,0,0,0,2022-01-03,08:30:00
Lift 3 test,0,0,0,2022-01-03,09:00:00
Lift 3 test,0,0,0,2022-01-03,09:30:00
Lift 3 test,0,0,0,2022-01-03,10:00:00
Lift 3 test,0,0,0,2022-01-03,10:30:00
Lift 3 test,0,0,0,2022-01-03,11:00:00
Lift 3 test,0,0,0,2022-01-03,11:30:00
Lift 3 test,0,0,0,2022-01-03,12:00:00
Lift 3 test,0,0,0,2022-01-03,12:30:00
Lift 3 test,0,0,0,2022-01-03,13:00:00
Lift 3 test,0,0,0,2022-01-03,13:30:00
Lift 3 test,0,0,0,2022-01-03,14:00:00
Lift 3 test,0,0,0,2022-01-03,14:30:00
Lift 3 test,0,0,0,2022-01-03,15:00:00
Lift 3 test,0,0,0,2022-01-03,15:30:00
Lift 3 test,0,0,0,2022-01-03,16:00:00
Lift 3 test,0,0,0,2022-01-03,16:30:00
Lift 3 test,0,0,0,2022-01-03,17:00:00
Lift 3 test,0,0,0,2022-01-03,17:30:00
Lift 3 test,0,0,0,2022-01-03,18:00:00
Lift 3 test,0,0,0,2022-01-03,18:30:00
Lift 3 test,0,0,0,2022-01-03,19:00:00
Lift 3 test,0,0,0,2022-01-03,19:30:00
Occupancy security,0,0,0,2022-01-03,08:00:00
Occupancy security,1,0,1,2022-01-03,08:30:00
Occupancy security,0,2,-1,2022-01-03,09:00:00
Occupancy security,0,0,-1,2022-01-03,09:30:00
Occupancy security,0,0,0,2022-01-03,10:00:00
Occupancy security,1,1,0,2022-01-03,10:30:00
Occupancy security,0,1,-1,2022-01-03,11:00:00
Occupancy security,2,2,0,2022-01-03,11:30:00
Occupancy security,1,0,1,2022-01-03,12:00:00
Occupancy security,1,0,1,2022-01-03,12:30:00
Occupancy security,0,0,0,2022-01-03,13:00:00
Occupancy security,0,0,0,2022-01-03,13:30:00
Occupancy security,1,2,-1,2022-01-03,14:00:00
Occupancy security,0,0,0,2022-01-03,14:30:00
Occupancy security,0,1,-1,2022-01-03,15:00:00
Occupancy security,0,0,0,2022-01-03,15:30:00
Occupancy security,1,0,1,2022-01-03,16:00:00
Occupancy security,1,1,0,2022-01-03,16:30:00
Occupancy security,0,1,-1,2022-01-03,17:00:00
Occupancy security,0,0,0,2022-01-03,17:30:00
Occupancy security,0,0,0,2022-01-03,18:00:00
Occupancy security,0,0,0,2022-01-03,18:30:00
Occupancy security,0,2,-2,2022-01-03,19:00:00
Occupancy security,1,1,0,2022-01-03,19:30:00
Room - Arts Reading Room,0,0,0,2022-01-03,08:00:00
Room - Arts Reading Room,0,1,-1,2022-01-03,08:30:00
Room - Arts Reading Room,0,0,-1,2022-01-03,09:00:00
Room - Arts Reading Room,0,0,-1,2022-01-03,09:30:00
Room - Arts Reading Room,0,0,0,2022-01-03,10:00:00
Room - Arts Reading Room,0,0,0,2022-01-03,10:30:00
Room - Arts Reading Room,0,0,0,2022-01-03,11:00:00
Room - Arts Reading Room,0,0,0,2022-01-03,11:30:00
Room - Arts Reading Room,0,0,0,2022-01-03,12:00:00
Room - Arts Reading Room,0,0,0,2022-01-03,12:30:00
Room - Arts Reading Room,0,0,0,2022-01-03,13:00:00
Room - Arts Reading Room,0,0,0,2022-01-03,13:30:00
Room - Arts Reading Room,0,0,0,2022-01-03,14:00:00
Room - Arts Reading Room,0,0,0,2022-01-03,14:30:00
Room - Arts Reading Room,0,0,0,2022-01-03,15:00:00
Room - Arts Reading Room,0,0,0,2022-01-03,15:30:00
Room - Arts Reading Room,0,0,0,2022-01-03,16:00:00
Room - Arts Reading Room,0,0,0,2022-01-03,16:30:00
Room - Arts Reading Room,0,0,0,2022-01-03,17:00:00
Room - Arts Reading Room,0,0,0,2022-01-03,17:30:00
Room - Arts Reading Room,0,0,0,2022-01-03,18:00:00
Room - Arts Reading Room,0,0,0,2022-01-03,18:30:00
Room - Arts Reading Room,0,0,0,2022-01-03,19:00:00
Room - Arts Reading Room,0,0,0,2022-01-03,19:30:00
Room - Children's Quarter Adult,0,0,0,2022-01-03,08:00:00
Room - Children's Quarter Adult,0,1,-1,2022-01-03,08:30:00
Room - Children's Quarter Adult,0,0,-1,2022-01-03,09:00:00
Room - Children's Quarter Adult,1,1,-1,2022-01-03,09:30:00
Room - Children's Quarter Adult,0,0,0,2022-01-03,10:00:00
Room - Children's Quarter Adult,0,0,0,2022-01-03,10:30:00
Room - Children's Quarter Adult,1,0,1,2022-01-03,11:00:00
Room - Children's Quarter Adult,0,0,0,2022-01-03,11:30:00
Room - Children's Quarter Adult,0,0,0,2022-01-03,12:00:00
Room - Children's Quarter Adult,0,0,0,2022-01-03,12:30:00
Room - Children's Quarter Adult,0,0,0,2022-01-03,13:00:00
Room - Children's Quarter Adult,0,0,0,2022-01-03,13:30:00
Room - Children's Quarter Adult,0,0,0,2022-01-03,14:00:00
Room - Children's Quarter Adult,0,0,0,2022-01-03,14:30:00
Room - Children's Quarter Adult,0,0,0,2022-01-03,15:00:00
Room - Children's Quarter Adult,0,0,0,2022-01-03,15:30:00
Room - Children's Quarter Adult,0,0,0,2022-01-03,16:00:00
Room - Children's Quarter Adult,0,0,0,2022-01-03,16:30:00
Room - Children's Quarter Adult,0,0,0,2022-01-03,17:00:00
Room - Children's Quarter Adult,0,1,-1,2022-01-03,17:30:00
Room - Children's Quarter Adult,0,0,0,2022-01-03,18:00:00
Room - Children's Quarter Adult,0,0,0,2022-01-03,18:30:00
Room - Children's Quarter Adult,0,0,0,2022-01-03,19:00:00
Room - Children's Quarter Adult,0,1,-1,2022-01-03,19:30:00
Room - Children's Quarter All,0,0,0,2022-01-03,08:00:00
Room - Children's Quarter All,0,1,-1,2022-01-03,08:30:00
Room - Children's Quarter All,0,0,-1,2022-01-03,09:00:00
Room - Children's Quarter All,1,1,-1,2022-01-03,09:30:00
Room - Children's Quarter All,0,0,0,2022-01-03,10:00:00
Room - Children's Quarter All,0,0,0,2022-01-03,10:30:00
Room - Children's Quarter All,1,0,1,2022-01-03,11:00:00
Room - Children's Quarter All,0,0,0,2022-01-03,11:30:00
Room - Children's Quarter All,0,0,0,2022-01-03,12:00:00
Room - Children's Quarter All,0,0,0,2022-01-03,12:30:00
Room - Children's Quarter All,0,0,0,2022-01-03,13:00:00
Room - Children's Quarter All,0,0,0,2022-01-03,13:30:00
Room - Children's Quarter All,0,0,0,2022-01-03,14:00:00
Room - Children's Quarter All,0,0,0,2022-01-03,14:30:00
Room - Children's Quarter All,0,0,0,2022-01-03,15:00:00
Room - Children's Quarter All,0,0,0,2022-01-03,15:30:00
Room - Children's Quarter All,0,0,0,2022-01-03,16:00:00
Room - Children's Quarter All,0,0,0,2022-01-03,16:30:00
Room - Children's Quarter All,0,0,0,2022-01-03,17:00:00
Room - Children's Quarter All,0,1,-1,2022-01-03,17:30:00
Room - Children's Quarter All,0,0,0,2022-01-03,18:00:00
Room - Children's Quarter All,0,0,0,2022-01-03,18:30:00
Room - Children's Quarter All,0,0,0,2022-01-03,19:00:00
Room - Children's Quarter All,0,1,-1,2022-01-03,19:30:00
Room - Children's Quarter Child,0,0,0,2022-01-03,08:00:00
Room - Children's Quarter Child,0,0,0,2022-01-03,08:30:00
Room - Children's Quarter Child,0,0,0,2022-01-03,09:00:00
Room - Children's Quarter Child,0,0,0,2022-01-03,09:30:00
Room - Children's Quarter Child,0,0,0,2022-01-03,10:00:00
Room - Children's Quarter Child,0,0,0,2022-01-03,10:30:00
Room - Children's Quarter Child,0,0,0,2022-01-03,11:00:00
Room - Children's Quarter Child,0,0,0,2022-01-03,11:30:00
Room - Children's Quarter Child,0,0,0,2022-01-03,12:00:00
Room - Children's Quarter Child,0,0,0,2022-01-03,12:30:00
Room - Children's Quarter Child,0,0,0,2022-01-03,13:00:00
Room - Children's Quarter Child,0,0,0,2022-01-03,13:30:00
Room - Children's Quarter Child,0,0,0,2022-01-03,14:00:00
Room - Children's Quarter Child,0,0,0,2022-01-03,14:30:00
Room - Children's Quarter Child,0,0,0,2022-01-03,15:00:00
Room - Children's Quarter Child,0,0,0,2022-01-03,15:30:00
Room - Children's Quarter Child,0,0,0,2022-01-03,16:00:00
Room - Children's Quarter Child,0,0,0,2022-01-03,16:30:00
Room - Children's Quarter Child,0,0,0,2022-01-03,17:00:00
Room - Children's Quarter Child,0,0,0,2022-01-03,17:30:00
Room - Children's Quarter Child,0,0,0,2022-01-03,18:00:00
Room - Children's Quarter Child,0,0,0,2022-01-03,18:30:00
Room - Children's Quarter Child,0,0,0,2022-01-03,19:00:00
Room - Children's Quarter Child,0,0,0,2022-01-03,19:30:00
Room - Conference Centre,0,0,0,2022-01-03,08:00:00
Room - Conference Centre,0,0,0,2022-01-03,08:30:00
Room - Conference Centre,0,1,-1,2022-01-03,09:00:00
Room - Conference Centre,1,4,-4,2022-01-03,09:30:00
Room - Conference Centre,0,1,-1,2022-01-03,10:00:00
Room - Conference Centre,1,0,1,2022-01-03,10:30:00
Room - Conference Centre,0,0,0,2022-01-03,11:00:00
Room - Conference Centre,0,0,0,2022-01-03,11:30:00
Room - Conference Centre,0,0,0,2022-01-03,12:00:00
Room - Conference Centre,0,1,-1,2022-01-03,12:30:00
Room - Conference Centre,0,0,0,2022-01-03,13:00:00
Room - Conference Centre,1,0,1,2022-01-03,13:30:00
Room - Conference Centre,2,2,0,2022-01-03,14:00:00
Room - Conference Centre,0,0,0,2022-01-03,14:30:00
Room - Conference Centre,1,0,1,2022-01-03,15:00:00
Room - Conference Centre,0,0,0,2022-01-03,15:30:00
Room - Conference Centre,0,1,-1,2022-01-03,16:00:00
Room - Conference Centre,0,0,0,2022-01-03,16:30:00
Room - Conference Centre,2,2,0,2022-01-03,17:00:00
Room - Conference Centre,2,2,0,2022-01-03,17:30:00
Room - Conference Centre,1,0,1,2022-01-03,18:00:00
Room - Conference Centre,2,0,2,2022-01-03,18:30:00
Room - Conference Centre,1,1,0,2022-01-03,19:00:00
Room - Conference Centre,1,2,-1,2022-01-03,19:30:00
Room - Conversation Quarter,0,0,0,2022-01-03,08:00:00
Room - Conversation Quarter,0,0,0,2022-01-03,08:30:00
Room - Conversation Quarter,0,0,0,2022-01-03,09:00:00
Room - Conversation Quarter,0,0,0,2022-01-03,09:30:00
Room - Conversation Quarter,0,0,0,2022-01-03,10:00:00
Room - Conversation Quarter,0,0,0,2022-01-03,10:30:00
Room - Conversation Quarter,0,0,0,2022-01-03,11:00:00
Room - Conversation Quarter,0,0,0,2022-01-03,11:30:00
Room - Conversation Quarter,0,0,0,2022-01-03,12:00:00
Room - Conversation Quarter,0,0,0,2022-01-03,12:30:00
Room - Conversation Quarter,0,0,0,2022-01-03,13:00:00
Room - Conversation Quarter,0,0,0,2022-01-03,13:30:00
Room - Conversation Quarter,0,0,0,2022-01-03,14:00:00
Room - Conversation Quarter,0,0,0,2022-01-03,14:30:00
Room - Conversation Quarter,0,0,0,2022-01-03,15:00:00
Room - Conversation Quarter,0,0,0,2022-01-03,15:30:00
Room - Conversation Quarter,0,0,0,2022-01-03,16:00:00
Room - Conversation Quarter,0,1,-1,2022-01-03,16:30:00
Room - Conversation Quarter,1,0,1,2022-01-03,17:00:00
Room - Conversation Quarter,0,0,0,2022-01-03,17:30:00
Room - Conversation Quarter,0,0,0,2022-01-03,18:00:00
Room - Conversation Quarter,0,0,0,2022-01-03,18:30:00
Room - Conversation Quarter,0,0,0,2022-01-03,19:00:00
Room - Conversation Quarter,0,1,-1,2022-01-03,19:30:00
Room - Cowen Gallery,12,10,2,2022-01-03,08:00:00
Room - Cowen Gallery,0,3,-1,2022-01-03,08:30:00
Room - Cowen Gallery,0,0,-1,2022-01-03,09:00:00
Room - Cowen Gallery,0,0,-1,2022-01-03,09:30:00
Room - Cowen Gallery,0,0,0,2022-01-03,10:00:00
Room - Cowen Gallery,1,1,0,2022-01-03,10:30:00
Room - Cowen Gallery,0,0,0,2022-01-03,11:00:00
Room - Cowen Gallery,1,2,-1,2022-01-03,11:30:00
Room - Cowen Gallery,4,4,0,2022-01-03,12:00:00
Room - Cowen Gallery,2,2,0,2022-01-03,12:30:00
Room - Cowen Gallery,0,0,0,2022-01-03,13:00:00
Room - Cowen Gallery,1,1,0,2022-01-03,13:30:00
Room - Cowen Gallery,1,1,0,2022-01-03,14:00:00
Room - Cowen Gallery,0,0,0,2022-01-03,14:30:00
Room - Cowen Gallery,1,1,0,2022-01-03,15:00:00
Room - Cowen Gallery,0,0,0,2022-01-03,15:30:00
Room - Cowen Gallery,0,0,0,2022-01-03,16:00:00
Room - Cowen Gallery,0,0,0,2022-01-03,16:30:00
Room - Cowen Gallery,2,2,0,2022-01-03,17:00:00
Room - Cowen Gallery,0,0,0,2022-01-03,17:30:00
Room - Cowen Gallery,0,0,0,2022-01-03,18:00:00
Room - Cowen Gallery,0,0,0,2022-01-03,18:30:00
Room - Cowen Gallery,0,0,0,2022-01-03,19:00:00
Room - Cowen Gallery,2,2,0,2022-01-03,19:30:00
Room - Create Quarter,0,0,0,2022-01-03,08:00:00
Room - Create Quarter,0,0,0,2022-01-03,08:30:00
Room - Create Quarter,0,0,0,2022-01-03,09:00:00
Room - Create Quarter,1,1,0,2022-01-03,09:30:00
Room - Create Quarter,0,0,0,2022-01-03,10:00:00
Room - Create Quarter,0,0,0,2022-01-03,10:30:00
Room - Create Quarter,0,0,0,2022-01-03,11:00:00
Room - Create Quarter,0,0,0,2022-01-03,11:30:00
Room - Create Quarter,0,0,0,2022-01-03,12:00:00
Room - Create Quarter,0,0,0,2022-01-03,12:30:00
Room - Create Quarter,0,0,0,2022-01-03,13:00:00
Room - Create Quarter,0,0,0,2022-01-03,13:30:00
Room - Create Quarter,0,0,0,2022-01-03,14:00:00
Room - Create Quarter,0,0,0,2022-01-03,14:30:00
Room - Create Quarter,0,0,0,2022-01-03,15:00:00
Room - Create Quarter,0,0,0,2022-01-03,15:30:00
Room - Create Quarter,0,0,0,2022-01-03,16:00:00
Room - Create Quarter,0,0,0,2022-01-03,16:30:00
Room - Create Quarter,0,0,0,2022-01-03,17:00:00
Room - Create Quarter,0,0,0,2022-01-03,17:30:00
Room - Create Quarter,0,0,0,2022-01-03,18:00:00
Room - Create Quarter,0,0,0,2022-01-03,18:30:00
Room - Create Quarter,0,0,0,2022-01-03,19:00:00
Room - Create Quarter,0,0,0,2022-01-03,19:30:00
Room - Dome Mezz L3,3,4,-1,2022-01-03,08:00:00
Room - Dome Mezz L3,3,0,2,2022-01-03,08:30:00
Room - Dome Mezz L3,1,0,3,2022-01-03,09:00:00
Room - Dome Mezz L3,0,0,3,2022-01-03,09:30:00
Room - Dome Mezz L3,0,0,0,2022-01-03,10:00:00
Room - Dome Mezz L3,1,0,1,2022-01-03,10:30:00
Room - Dome Mezz L3,0,0,0,2022-01-03,11:00:00
Room - Dome Mezz L3,2,1,1,2022-01-03,11:30:00
Room - Dome Mezz L3,4,4,0,2022-01-03,12:00:00
Room - Dome Mezz L3,1,2,-1,2022-01-03,12:30:00
Room - Dome Mezz L3,0,0,0,2022-01-03,13:00:00
Room - Dome Mezz L3,1,1,0,2022-01-03,13:30:00
Room - Dome Mezz L3,0,1,-1,2022-01-03,14:00:00
Room - Dome Mezz L3,0,0,0,2022-01-03,14:30:00
Room - Dome Mezz L3,1,1,0,2022-01-03,15:00:00
Room - Dome Mezz L3,0,0,0,2022-01-03,15:30:00
Room - Dome Mezz L3,0,0,0,2022-01-03,16:00:00
Room - Dome Mezz L3,0,0,0,2022-01-03,16:30:00
Room - Dome Mezz L3,2,1,1,2022-01-03,17:00:00
Room - Dome Mezz L3,0,0,0,2022-01-03,17:30:00
Room - Dome Mezz L3,0,0,0,2022-01-03,18:00:00
Room - Dome Mezz L3,0,0,0,2022-01-03,18:30:00
Room - Dome Mezz L3,0,0,0,2022-01-03,19:00:00
Room - Dome Mezz L3,0,1,-1,2022-01-03,19:30:00
Room - Hansen Hall,0,0,0,2022-01-03,08:00:00
Room - Hansen Hall,0,1,-1,2022-01-03,08:30:00
Room - Hansen Hall,2,3,-2,2022-01-03,09:00:00
Room - Hansen Hall,0,0,-2,2022-01-03,09:30:00
Room - Hansen Hall,0,0,0,2022-01-03,10:00:00
Room - Hansen Hall,2,2,0,2022-01-03,10:30:00
Room - Hansen Hall,1,0,1,2022-01-03,11:00:00
Room - Hansen Hall,4,4,0,2022-01-03,11:30:00
Room - Hansen Hall,1,2,-1,2022-01-03,12:00:00
Room - Hansen Hall,0,0,0,2022-01-03,12:30:00
Room - Hansen Hall,0,0,0,2022-01-03,13:00:00
Room - Hansen Hall,0,0,0,2022-01-03,13:30:00
Room - Hansen Hall,2,0,2,2022-01-03,14:00:00
Room - Hansen Hall,0,0,0,2022-01-03,14:30:00
Room - Hansen Hall,1,1,0,2022-01-03,15:00:00
Room - Hansen Hall,0,0,0,2022-01-03,15:30:00
Room - Hansen Hall,1,1,0,2022-01-03,16:00:00
Room - Hansen Hall,2,1,1,2022-01-03,16:30:00
Room - Hansen Hall,0,0,0,2022-01-03,17:00:00
Room - Hansen Hall,0,0,0,2022-01-03,17:30:00
Room - Hansen Hall,0,0,0,2022-01-03,18:00:00
Room - Hansen Hall,0,0,0,2022-01-03,18:30:00
Room - Hansen Hall,0,0,0,2022-01-03,19:00:00
Room - Hansen Hall,0,0,0,2022-01-03,19:30:00
Room - HCRR,0,0,0,2022-01-03,08:00:00
Room - HCRR,0,0,0,2022-01-03,08:30:00
Room - HCRR,0,0,0,2022-01-03,09:00:00
Room - HCRR,0,0,0,2022-01-03,09:30:00
Room - HCRR,0,0,0,2022-01-03,10:00:00
Room - HCRR,0,0,0,2022-01-03,10:30:00
Room - HCRR,0,0,0,2022-01-03,11:00:00
Room - HCRR,0,0,0,2022-01-03,11:30:00
Room - HCRR,0,0,0,2022-01-03,12:00:00
Room - HCRR,0,0,0,2022-01-03,12:30:00
Room - HCRR,0,0,0,2022-01-03,13:00:00
Room - HCRR,0,0,0,2022-01-03,13:30:00
Room - HCRR,0,0,0,2022-01-03,14:00:00
Room - HCRR,0,0,0,2022-01-03,14:30:00
Room - HCRR,0,0,0,2022-01-03,15:00:00
Room - HCRR,0,0,0,2022-01-03,15:30:00
Room - HCRR,0,0,0,2022-01-03,16:00:00
Room - HCRR,0,0,0,2022-01-03,16:30:00
Room - HCRR,0,0,0,2022-01-03,17:00:00
Room - HCRR,0,0,0,2022-01-03,17:30:00
Room - HCRR,0,0,0,2022-01-03,18:00:00
Room - HCRR,0,0,0,2022-01-03,18:30:00
Room - HCRR,0,0,0,2022-01-03,19:00:00
Room - HCRR,0,0,0,2022-01-03,19:30:00
Room - Ian Potter Queen's Hall- Ground,0,0,0,2022-01-03,08:00:00
Room - Ian Potter Queen's Hall- Ground,0,0,0,2022-01-03,08:30:00
Room - Ian Potter Queen's Hall- Ground,0,0,0,2022-01-03,09:00:00
Room - Ian Potter Queen's Hall- Ground,0,0,0,2022-01-03,09:30:00
Room - Ian Potter Queen's Hall- Ground,0,0,0,2022-01-03,10:00:00
Room - Ian Potter Queen's Hall- Ground,0,0,0,2022-01-03,10:30:00
Room - Ian Potter Queen's Hall- Ground,0,0,0,2022-01-03,11:00:00
Room - Ian Potter Queen's Hall- Ground,0,0,0,2022-01-03,11:30:00
Room - Ian Potter Queen's Hall- Ground,0,0,0,2022-01-03,12:00:00
Room - Ian Potter Queen's Hall- Ground,0,0,0,2022-01-03,12:30:00
Room - Ian Potter Queen's Hall- Ground,0,0,0,2022-01-03,13:00:00
Room - Ian Potter Queen's Hall- Ground,1,0,1,2022-01-03,13:30:00
Room - Ian Potter Queen's Hall- Ground,0,0,0,2022-01-03,14:00:00
Room - Ian Potter Queen's Hall- Ground,0,0,0,2022-01-03,14:30:00
Room - Ian Potter Queen's Hall- Ground,2,0,2,2022-01-03,15:00:00
Room - Ian Potter Queen's Hall- Ground,2,0,2,2022-01-03,15:30:00
Room - Ian Potter Queen's Hall- Ground,0,0,0,2022-01-03,16:00:00
Room - Ian Potter Queen's Hall- Ground,0,2,-2,2022-01-03,16:30:00
Room - Ian Potter Queen's Hall- Ground,1,1,0,2022-01-03,17:00:00
Room - Ian Potter Queen's Hall- Ground,0,0,0,2022-01-03,17:30:00
Room - Ian Potter Queen's Hall- Ground,0,0,0,2022-01-03,18:00:00
Room - Ian Potter Queen's Hall- Ground,0,0,0,2022-01-03,18:30:00
Room - Ian Potter Queen's Hall- Ground,0,0,0,2022-01-03,19:00:00
Room - Ian Potter Queen's Hall- Ground,0,0,0,2022-01-03,19:30:00
Room - Ian Potter Queen's Hall- Mezz,0,0,0,2022-01-03,08:00:00
Room - Ian Potter Queen's Hall- Mezz,0,0,0,2022-01-03,08:30:00
Room - Ian Potter Queen's Hall- Mezz,0,0,0,2022-01-03,09:00:00
Room - Ian Potter Queen's Hall- Mezz,0,0,0,2022-01-03,09:30:00
Room - Ian Potter Queen's Hall- Mezz,0,0,0,2022-01-03,10:00:00
Room - Ian Potter Queen's Hall- Mezz,0,0,0,2022-01-03,10:30:00
Room - Ian Potter Queen's Hall- Mezz,0,0,0,2022-01-03,11:00:00
Room - Ian Potter Queen's Hall- Mezz,0,0,0,2022-01-03,11:30:00
Room - Ian Potter Queen's Hall- Mezz,0,0,0,2022-01-03,12:00:00
Room - Ian Potter Queen's Hall- Mezz,0,0,0,2022-01-03,12:30:00
Room - Ian Potter Queen's Hall- Mezz,0,0,0,2022-01-03,13:00:00
Room - Ian Potter Queen's Hall- Mezz,0,0,0,2022-01-03,13:30:00
Room - Ian Potter Queen's Hall- Mezz,0,0,0,2022-01-03,14:00:00
Room - Ian Potter Queen's Hall- Mezz,0,0,0,2022-01-03,14:30:00
Room - Ian Potter Queen's Hall- Mezz,0,0,0,2022-01-03,15:00:00
Room - Ian Potter Queen's Hall- Mezz,0,0,0,2022-01-03,15:30:00
Room - Ian Potter Queen's Hall- Mezz,0,0,0,2022-01-03,16:00:00
Room - Ian Potter Queen's Hall- Mezz,0,0,0,2022-01-03,16:30:00
Room - Ian Potter Queen's Hall- Mezz,0,0,0,2022-01-03,17:00:00
Room - Ian Potter Queen's Hall- Mezz,0,0,0,2022-01-03,17:30:00
Room - Ian Potter Queen's Hall- Mezz,0,0,0,2022-01-03,18:00:00
Room - Ian Potter Queen's Hall- Mezz,0,1,-1,2022-01-03,18:30:00
Room - Ian Potter Queen's Hall- Mezz,0,0,0,2022-01-03,19:00:00
Room - Ian Potter Queen's Hall- Mezz,0,0,0,2022-01-03,19:30:00
Room - Ideas Quarter,0,0,0,2022-01-03,08:00:00
Room - Ideas Quarter,0,0,0,2022-01-03,08:30:00
Room - Ideas Quarter,0,0,0,2022-01-03,09:00:00
Room - Ideas Quarter,0,0,0,2022-01-03,09:30:00
Room - Ideas Quarter,0,0,0,2022-01-03,10:00:00
Room - Ideas Quarter,0,0,0,2022-01-03,10:30:00
Room - Ideas Quarter,0,0,0,2022-01-03,11:00:00
Room - Ideas Quarter,0,0,0,2022-01-03,11:30:00
Room - Ideas Quarter,0,0,0,2022-01-03,12:00:00
Room - Ideas Quarter,0,0,0,2022-01-03,12:30:00
Room - Ideas Quarter,0,0,0,2022-01-03,13:00:00
Room - Ideas Quarter,0,0,0,2022-01-03,13:30:00
Room - Ideas Quarter,0,0,0,2022-01-03,14:00:00
Room - Ideas Quarter,0,0,0,2022-01-03,14:30:00
Room - Ideas Quarter,0,0,0,2022-01-03,15:00:00
Room - Ideas Quarter,0,0,0,2022-01-03,15:30:00
Room - Ideas Quarter,0,0,0,2022-01-03,16:00:00
Room - Ideas Quarter,0,0,0,2022-01-03,16:30:00
Room - Ideas Quarter,0,0,0,2022-01-03,17:00:00
Room - Ideas Quarter,0,0,0,2022-01-03,17:30:00
Room - Ideas Quarter,0,0,0,2022-01-03,18:00:00
Room - Ideas Quarter,0,0,0,2022-01-03,18:30:00
Room - Ideas Quarter,0,0,0,2022-01-03,19:00:00
Room - Ideas Quarter,1,0,1,2022-01-03,19:30:00
Room - KMG,0,0,0,2022-01-03,08:00:00
Room - KMG,0,0,0,2022-01-03,08:30:00
Room - KMG,0,0,0,2022-01-03,09:00:00
Room - KMG,0,0,0,2022-01-03,09:30:00
Room - KMG,0,0,0,2022-01-03,10:00:00
Room - KMG,0,0,0,2022-01-03,10:30:00
Room - KMG,0,0,0,2022-01-03,11:00:00
Room - KMG,0,0,0,2022-01-03,11:30:00
Room - KMG,0,0,0,2022-01-03,12:00:00
Room - KMG,0,0,0,2022-01-03,12:30:00
Room - KMG,0,0,0,2022-01-03,13:00:00
Room - KMG,0,0,0,2022-01-03,13:30:00
Room - KMG,0,0,0,2022-01-03,14:00:00
Room - KMG,0,0,0,2022-01-03,14:30:00
Room - KMG,0,0,0,2022-01-03,15:00:00
Room - KMG,0,0,0,2022-01-03,15:30:00
Room - KMG,0,0,0,2022-01-03,16:00:00
Room - KMG,0,0,0,2022-01-03,16:30:00
Room - KMG,0,1,-1,2022-01-03,17:00:00
Room - KMG,0,0,0,2022-01-03,17:30:00
Room - KMG,0,0,0,2022-01-03,18:00:00
Room - KMG,0,0,0,2022-01-03,18:30:00
Room - KMG,0,0,0,2022-01-03,19:00:00
Room - KMG,1,1,0,2022-01-03,19:30:00
Room - Latrobe Reading Room (Dome),1,1,0,2022-01-03,08:00:00
Room - Latrobe Reading Room (Dome),0,0,0,2022-01-03,08:30:00
Room - Latrobe Reading Room (Dome),0,2,-2,2022-01-03,09:00:00
Room - Latrobe Reading Room (Dome),0,0,-2,2022-01-03,09:30:00
Room - Latrobe Reading Room (Dome),0,0,0,2022-01-03,10:00:00
Room - Latrobe Reading Room (Dome),0,0,0,2022-01-03,10:30:00
Room - Latrobe Reading Room (Dome),0,0,0,2022-01-03,11:00:00
Room - Latrobe Reading Room (Dome),0,0,0,2022-01-03,11:30:00
Room - Latrobe Reading Room (Dome),0,0,0,2022-01-03,12:00:00
Room - Latrobe Reading Room (Dome),0,0,0,2022-01-03,12:30:00
Room - Latrobe Reading Room (Dome),0,0,0,2022-01-03,13:00:00
Room - Latrobe Reading Room (Dome),1,1,0,2022-01-03,13:30:00
Room - Latrobe Reading Room (Dome),0,0,0,2022-01-03,14:00:00
Room - Latrobe Reading Room (Dome),0,0,0,2022-01-03,14:30:00
Room - Latrobe Reading Room (Dome),1,1,0,2022-01-03,15:00:00
Room - Latrobe Reading Room (Dome),0,0,0,2022-01-03,15:30:00
Room - Latrobe Reading Room (Dome),0,0,0,2022-01-03,16:00:00
Room - Latrobe Reading Room (Dome),0,0,0,2022-01-03,16:30:00
Room - Latrobe Reading Room (Dome),0,0,0,2022-01-03,17:00:00
Room - Latrobe Reading Room (Dome),0,0,0,2022-01-03,17:30:00
Room - Latrobe Reading Room (Dome),0,0,0,2022-01-03,18:00:00
Room - Latrobe Reading Room (Dome),0,0,0,2022-01-03,18:30:00
Room - Latrobe Reading Room (Dome),0,0,0,2022-01-03,19:00:00
Room - Latrobe Reading Room (Dome),0,0,0,2022-01-03,19:30:00
Room - Mr Tulk Cafe,0,0,0,2022-01-03,08:00:00
Room - Mr Tulk Cafe,1,0,1,2022-01-03,08:30:00
Room - Mr Tulk Cafe,0,1,0,2022-01-03,09:00:00
Room - Mr Tulk Cafe,0,0,0,2022-01-03,09:30:00
Room - Mr Tulk Cafe,0,0,0,2022-01-03,10:00:00
Room - Mr Tulk Cafe,1,1,0,2022-01-03,10:30:00
Room - Mr Tulk Cafe,0,1,-1,2022-01-03,11:00:00
Room - Mr Tulk Cafe,2,2,0,2022-01-03,11:30:00
Room - Mr Tulk Cafe,1,0,1,2022-01-03,12:00:00
Room - Mr Tulk Cafe,0,0,0,2022-01-03,12:30:00
Room - Mr Tulk Cafe,0,0,0,2022-01-03,13:00:00
Room - Mr Tulk Cafe,0,0,0,2022-01-03,13:30:00
Room - Mr Tulk Cafe,0,2,-2,2022-01-03,14:00:00
Room - Mr Tulk Cafe,0,0,0,2022-01-03,14:30:00
Room - Mr Tulk Cafe,0,1,-1,2022-01-03,15:00:00
Room - Mr Tulk Cafe,0,0,0,2022-01-03,15:30:00
